/*
SQLyog 企业版 - MySQL GUI v8.14 
MySQL - 5.6.26 : Database - sciplat
*********************************************************************
*/

/*!40101 SET NAMES utf8 */;

/*!40101 SET SQL_MODE=''*/;

/*!40014 SET @OLD_UNIQUE_CHECKS=@@UNIQUE_CHECKS, UNIQUE_CHECKS=0 */;
/*!40014 SET @OLD_FOREIGN_KEY_CHECKS=@@FOREIGN_KEY_CHECKS, FOREIGN_KEY_CHECKS=0 */;
/*!40101 SET @OLD_SQL_MODE=@@SQL_MODE, SQL_MODE='NO_AUTO_VALUE_ON_ZERO' */;
/*!40111 SET @OLD_SQL_NOTES=@@SQL_NOTES, SQL_NOTES=0 */;
CREATE DATABASE /*!32312 IF NOT EXISTS*/`sciplat` /*!40100 DEFAULT CHARACTER SET utf8 */;

USE `sciplat`;

/*Table structure for table `sp_access` */

DROP TABLE IF EXISTS `sp_access`;

CREATE TABLE `sp_access` (
  `role_id` smallint(6) unsigned NOT NULL,
  `node_id` smallint(6) unsigned NOT NULL,
  `level` tinyint(1) NOT NULL,
  `module` varchar(50) DEFAULT NULL,
  KEY `groupId` (`role_id`),
  KEY `nodeId` (`node_id`)
) ENGINE=MyISAM DEFAULT CHARSET=utf8;

/*Data for the table `sp_access` */

/*Table structure for table `sp_elite` */

DROP TABLE IF EXISTS `sp_elite`;

CREATE TABLE `sp_elite` (
  `eid` int(5) NOT NULL AUTO_INCREMENT,
  `ename` varchar(40) NOT NULL,
  PRIMARY KEY (`eid`)
) ENGINE=InnoDB AUTO_INCREMENT=7 DEFAULT CHARSET=utf8;

/*Data for the table `sp_elite` */

insert  into `sp_elite`(`eid`,`ename`) values (1,'程序设计'),(2,'信息安全'),(3,'应用软件'),(5,'智能硬件'),(6,'数学建模');

/*Table structure for table `sp_elite_user` */

DROP TABLE IF EXISTS `sp_elite_user`;

CREATE TABLE `sp_elite_user` (
  `elite_id` int(5) NOT NULL,
  `user_id` int(10) NOT NULL
) ENGINE=InnoDB DEFAULT CHARSET=utf8;

/*Data for the table `sp_elite_user` */

insert  into `sp_elite_user`(`elite_id`,`user_id`) values (1,1243),(1,1024),(1,1410),(1,1249),(1,1544),(1,1311),(1,1297),(1,1191),(1,1019),(1,1087),(1,1333),(1,971),(1,1284),(1,1504),(6,1274),(6,1238),(6,1087),(2,971),(2,1139),(2,1460),(2,990),(2,1515),(2,1238),(2,1249),(2,1024),(2,1333),(3,1343),(3,1233),(3,1005),(3,1515),(3,1333),(3,1019),(5,1087),(3,1545),(5,1547),(5,1546);

/*Table structure for table `sp_lecture` */

DROP TABLE IF EXISTS `sp_lecture`;

CREATE TABLE `sp_lecture` (
  `lid` int(8) NOT NULL AUTO_INCREMENT,
  `ltitle` varchar(200) NOT NULL,
  `ldate` varchar(50) NOT NULL,
  `lplace` varchar(200) NOT NULL,
  `llecturer` varchar(100) NOT NULL,
  `lcontent` text NOT NULL,
  `ldirectornum` varchar(20) NOT NULL,
  `ldirectorname` varchar(40) NOT NULL,
  `ldirectortel` varchar(100) NOT NULL,
  `lnum` varchar(20) NOT NULL,
  `ldatestart` date NOT NULL,
  `ldateend` date NOT NULL,
  `lsheet` int(2) NOT NULL DEFAULT '0',
  `lstatus` int(2) NOT NULL DEFAULT '1',
  `lcheckstatus` int(2) NOT NULL DEFAULT '0',
  PRIMARY KEY (`lid`)
) ENGINE=InnoDB DEFAULT CHARSET=utf8;

/*Data for the table `sp_lecture` */

/*Table structure for table `sp_lecture_user` */

DROP TABLE IF EXISTS `sp_lecture_user`;

CREATE TABLE `sp_lecture_user` (
  `lecture_id` int(8) NOT NULL,
  `lecture_title` varchar(200) NOT NULL,
  `user_num` varchar(10) NOT NULL,
  `user_name` varchar(40) NOT NULL,
  `lpresent` int(2) NOT NULL DEFAULT '0'
) ENGINE=InnoDB DEFAULT CHARSET=utf8;

/*Data for the table `sp_lecture_user` */

/*Table structure for table `sp_news` */

DROP TABLE IF EXISTS `sp_news`;

CREATE TABLE `sp_news` (
  `nid` int(11) NOT NULL AUTO_INCREMENT,
  `ntitle` text NOT NULL,
  `ncontent` text NOT NULL,
  `ndate` date NOT NULL,
  `npublishnum` varchar(10) NOT NULL,
  `npublishname` varchar(20) NOT NULL,
  `nstatus` int(1) NOT NULL DEFAULT '1',
  `naccessory` varchar(200) NOT NULL,
  `ntop` int(2) NOT NULL DEFAULT '0',
  PRIMARY KEY (`nid`)
) ENGINE=InnoDB DEFAULT CHARSET=utf8;

/*Data for the table `sp_news` */

/*Table structure for table `sp_node` */

DROP TABLE IF EXISTS `sp_node`;

CREATE TABLE `sp_node` (
  `id` smallint(6) unsigned NOT NULL AUTO_INCREMENT,
  `name` varchar(20) NOT NULL,
  `title` varchar(50) DEFAULT NULL,
  `status` tinyint(1) DEFAULT '0',
  `remark` varchar(255) DEFAULT NULL,
  `sort` smallint(6) unsigned DEFAULT NULL,
  `pid` smallint(6) unsigned NOT NULL,
  `level` tinyint(1) unsigned NOT NULL,
  PRIMARY KEY (`id`),
  KEY `level` (`level`),
  KEY `pid` (`pid`),
  KEY `status` (`status`),
  KEY `name` (`name`)
) ENGINE=MyISAM DEFAULT CHARSET=utf8;

/*Data for the table `sp_node` */

/*Table structure for table `sp_people` */

DROP TABLE IF EXISTS `sp_people`;

CREATE TABLE `sp_people` (
  `pid` int(10) NOT NULL AUTO_INCREMENT,
  `pnum` int(10) NOT NULL,
  `pname` varchar(40) NOT NULL,
  PRIMARY KEY (`pid`),
  UNIQUE KEY `pnum` (`pnum`)
) ENGINE=InnoDB AUTO_INCREMENT=2 DEFAULT CHARSET=utf8;

/*Data for the table `sp_people` */

insert  into `sp_people`(`pid`,`pnum`,`pname`) values (1,10000,'系统管理员');

/*Table structure for table `sp_pro` */

DROP TABLE IF EXISTS `sp_pro`;

CREATE TABLE `sp_pro` (
  `pid` int(5) NOT NULL AUTO_INCREMENT,
  `pname` varchar(30) NOT NULL,
  PRIMARY KEY (`pid`)
) ENGINE=InnoDB AUTO_INCREMENT=3 DEFAULT CHARSET=utf8;

/*Data for the table `sp_pro` */

insert  into `sp_pro`(`pid`,`pname`) values (1,'PHP'),(2,'C++');

/*Table structure for table `sp_pro_user` */

DROP TABLE IF EXISTS `sp_pro_user`;

CREATE TABLE `sp_pro_user` (
  `pro_id` int(5) NOT NULL,
  `user_id` int(8) NOT NULL
) ENGINE=InnoDB DEFAULT CHARSET=utf8;

/*Data for the table `sp_pro_user` */

/*Table structure for table `sp_project` */

DROP TABLE IF EXISTS `sp_project`;

CREATE TABLE `sp_project` (
  `pid` int(10) NOT NULL AUTO_INCREMENT,
  `fid` int(8) NOT NULL,
  `ftitle` varchar(200) NOT NULL,
  `pname` varchar(200) NOT NULL,
  `pclass` varchar(20) NOT NULL,
  `pcaptainnum` varchar(10) NOT NULL,
  `pcaptainname` varchar(20) NOT NULL,
  `pnumber` int(5) NOT NULL,
  `pfather` varchar(50) NOT NULL,
  `pcontent` text NOT NULL,
  `pstatus` int(2) NOT NULL DEFAULT '0',
  `plevel` varchar(20) NOT NULL DEFAULT '0',
  `paccessory` varchar(200) NOT NULL,
  `pleaderstatus` int(2) NOT NULL DEFAULT '0',
  `pcheckdate` date NOT NULL,
  `pmiddlestatus` int(2) NOT NULL DEFAULT '0',
  `pmiddleaccessory` varchar(200) NOT NULL,
  `pmiddlecheck` int(2) NOT NULL DEFAULT '0',
  `pmiddlerank` int(11) NOT NULL,
  `pmiddlescore` int(11) NOT NULL,
  `pmiddleend` int(2) NOT NULL DEFAULT '0',
  `plaststatus` int(2) NOT NULL DEFAULT '0',
  `plastaccessory` varchar(200) NOT NULL,
  `plastcheck` int(2) NOT NULL DEFAULT '0',
  `plastrank` int(5) NOT NULL DEFAULT '0',
  `plastscore` int(5) NOT NULL DEFAULT '0',
  `plastend` int(2) NOT NULL DEFAULT '0',
  `pannual` int(6) NOT NULL DEFAULT '0',
  `pendstatus` int(3) NOT NULL DEFAULT '0',
  PRIMARY KEY (`pid`)
) ENGINE=InnoDB DEFAULT CHARSET=utf8;

/*Data for the table `sp_project` */

/*Table structure for table `sp_project_user` */

DROP TABLE IF EXISTS `sp_project_user`;

CREATE TABLE `sp_project_user` (
  `project_id` int(10) NOT NULL,
  `user_id` int(10) NOT NULL
) ENGINE=InnoDB DEFAULT CHARSET=utf8;

/*Data for the table `sp_project_user` */

/*Table structure for table `sp_projectnews` */

DROP TABLE IF EXISTS `sp_projectnews`;

CREATE TABLE `sp_projectnews` (
  `pid` int(8) NOT NULL AUTO_INCREMENT,
  `ptitle` varchar(200) NOT NULL,
  `pcontent` text NOT NULL,
  `pdatestart` date NOT NULL,
  `pdateend` date NOT NULL,
  `plevel` varchar(20) NOT NULL,
  `pclass` varchar(20) NOT NULL,
  `pstatus` int(2) NOT NULL DEFAULT '1',
  `paccessory` varchar(200) NOT NULL,
  `ptop` int(2) NOT NULL DEFAULT '0',
  PRIMARY KEY (`pid`)
) ENGINE=InnoDB DEFAULT CHARSET=utf8;

/*Data for the table `sp_projectnews` */

/*Table structure for table `sp_race` */

DROP TABLE IF EXISTS `sp_race`;

CREATE TABLE `sp_race` (
  `rid` int(10) NOT NULL AUTO_INCREMENT,
  `rname` varchar(200) NOT NULL,
  `rdatestart` date NOT NULL,
  `rdateend` date NOT NULL,
  `rsponsor` varchar(200) NOT NULL,
  `rlevel` varchar(40) NOT NULL,
  `rcontent` text NOT NULL,
  `rapplicant` varchar(200) NOT NULL,
  `raccessory` varchar(200) NOT NULL,
  `rstatus` int(1) NOT NULL DEFAULT '1',
  PRIMARY KEY (`rid`)
) ENGINE=InnoDB DEFAULT CHARSET=utf8;

/*Data for the table `sp_race` */

/*Table structure for table `sp_race_user` */

DROP TABLE IF EXISTS `sp_race_user`;

CREATE TABLE `sp_race_user` (
  `mid` int(10) NOT NULL AUTO_INCREMENT,
  `race_id` int(10) NOT NULL,
  `race_name` varchar(200) NOT NULL,
  `race_level` varchar(40) NOT NULL,
  `unum` varchar(10) NOT NULL,
  `uname` varchar(20) NOT NULL,
  `captainnum` varchar(10) NOT NULL DEFAULT '0',
  `accessory` varchar(200) NOT NULL,
  `image` varchar(200) NOT NULL,
  `bonus` varchar(40) NOT NULL,
  `status` int(3) NOT NULL DEFAULT '0',
  PRIMARY KEY (`mid`)
) ENGINE=InnoDB DEFAULT CHARSET=utf8;

/*Data for the table `sp_race_user` */

/*Table structure for table `sp_report` */

DROP TABLE IF EXISTS `sp_report`;

CREATE TABLE `sp_report` (
  `rid` int(10) NOT NULL AUTO_INCREMENT,
  `ryear` int(8) NOT NULL,
  `rmonth` int(3) NOT NULL,
  `rcontent` text NOT NULL,
  `rname` varchar(40) NOT NULL,
  PRIMARY KEY (`rid`)
) ENGINE=InnoDB DEFAULT CHARSET=utf8;

/*Data for the table `sp_report` */

/*Table structure for table `sp_report_project` */

DROP TABLE IF EXISTS `sp_report_project`;

CREATE TABLE `sp_report_project` (
  `project_id` int(10) NOT NULL,
  `report_id` int(10) NOT NULL
) ENGINE=InnoDB DEFAULT CHARSET=utf8;

/*Data for the table `sp_report_project` */

/*Table structure for table `sp_role` */

DROP TABLE IF EXISTS `sp_role`;

CREATE TABLE `sp_role` (
  `id` smallint(6) unsigned NOT NULL AUTO_INCREMENT,
  `name` varchar(20) NOT NULL,
  `pid` smallint(6) DEFAULT NULL,
  `status` tinyint(1) unsigned DEFAULT NULL,
  `remark` varchar(255) DEFAULT NULL,
  PRIMARY KEY (`id`),
  KEY `pid` (`pid`),
  KEY `status` (`status`)
) ENGINE=MyISAM AUTO_INCREMENT=6 DEFAULT CHARSET=utf8;

/*Data for the table `sp_role` */

insert  into `sp_role`(`id`,`name`,`pid`,`status`,`remark`) values (1,'学生',NULL,1,'student'),(2,'教师',NULL,1,'teacher'),(3,'科创管理员',NULL,1,'stutentmanage'),(5,'高级管理员',NULL,1,'supermanage');

/*Table structure for table `sp_role_user` */

DROP TABLE IF EXISTS `sp_role_user`;

CREATE TABLE `sp_role_user` (
  `role_id` mediumint(9) unsigned DEFAULT NULL,
  `user_id` char(32) DEFAULT NULL,
  KEY `group_id` (`role_id`),
  KEY `user_id` (`user_id`)
) ENGINE=MyISAM DEFAULT CHARSET=utf8;

/*Data for the table `sp_role_user` */

insert  into `sp_role_user`(`role_id`,`user_id`) values (1,'4'),(5,'2'),(1,'7'),(2,'8'),(1,'5'),(1,'6'),(3,'3'),(1,'9'),(3,'13'),(2,'1'),(5,'10'),(2,'11'),(1,'12'),(2,'14'),(1,'15'),(1,'16'),(1,'17'),(1,'18'),(1,'19'),(1,'20'),(1,'21'),(1,'22'),(1,'23'),(1,'24'),(1,'25'),(1,'26'),(1,'27'),(1,'28'),(1,'29'),(1,'30'),(1,'31'),(1,'32'),(1,'33'),(1,'34'),(1,'35'),(1,'36'),(1,'37'),(1,'38'),(1,'39'),(1,'40'),(1,'41'),(1,'42'),(1,'43'),(1,'44'),(1,'45'),(1,'46'),(1,'47'),(1,'48'),(1,'49'),(1,'50'),(1,'51'),(1,'52'),(1,'53'),(1,'54'),(1,'55'),(1,'56'),(1,'57'),(1,'58'),(1,'59'),(1,'60'),(1,'61'),(1,'62'),(1,'63'),(1,'64'),(1,'65'),(1,'66'),(1,'67'),(1,'68'),(1,'69'),(1,'70'),(1,'71'),(1,'72'),(1,'73'),(1,'74'),(1,'75'),(1,'76'),(1,'77'),(1,'78'),(1,'79'),(1,'80'),(1,'81'),(1,'82'),(1,'83'),(1,'84'),(1,'85'),(1,'86'),(1,'87'),(1,'88'),(1,'89'),(1,'90'),(1,'91'),(1,'92'),(1,'93'),(1,'94'),(1,'95'),(1,'96'),(1,'97'),(1,'98'),(1,'99'),(1,'100'),(1,'101'),(1,'102'),(1,'103'),(1,'104'),(1,'105'),(1,'106'),(1,'107'),(1,'108'),(1,'109'),(1,'110'),(1,'111'),(1,'112'),(1,'113'),(1,'114'),(1,'115'),(1,'116'),(1,'117'),(1,'118'),(1,'119'),(1,'120'),(1,'121'),(1,'122'),(1,'123'),(1,'124'),(1,'125'),(1,'126'),(1,'127'),(1,'128'),(1,'129'),(1,'130'),(1,'131'),(1,'132'),(1,'133'),(1,'134'),(1,'135'),(1,'136'),(1,'137'),(1,'138'),(1,'139'),(1,'140'),(1,'141'),(1,'142'),(1,'143'),(1,'144'),(1,'145'),(1,'146'),(1,'147'),(1,'148'),(1,'149'),(1,'150'),(1,'151'),(1,'152'),(1,'153'),(1,'154'),(1,'155'),(1,'156'),(1,'157'),(1,'158'),(1,'159'),(1,'160'),(1,'161'),(1,'162'),(1,'163'),(1,'164'),(1,'165'),(1,'166'),(1,'167'),(1,'168'),(1,'169'),(1,'170'),(1,'171'),(1,'172'),(1,'173'),(1,'174'),(1,'175'),(1,'176'),(1,'177'),(1,'178'),(1,'179'),(1,'180'),(1,'181'),(1,'182'),(1,'183'),(1,'184'),(1,'185'),(1,'186'),(1,'187'),(1,'188'),(1,'189'),(1,'190'),(1,'191'),(1,'192'),(1,'193'),(1,'194'),(1,'195'),(1,'196'),(1,'197'),(1,'198'),(1,'199'),(1,'200'),(1,'201'),(1,'202'),(1,'203'),(1,'204'),(1,'205'),(1,'206'),(1,'207'),(1,'208'),(1,'209'),(1,'210'),(1,'211'),(1,'212'),(1,'213'),(1,'214'),(1,'215'),(1,'216'),(1,'217'),(1,'218'),(1,'219'),(1,'220'),(1,'221'),(1,'222'),(1,'223'),(1,'224'),(1,'225'),(1,'226'),(1,'227'),(1,'228'),(1,'229'),(1,'230'),(1,'231'),(1,'232'),(1,'233'),(1,'234'),(1,'235'),(1,'236'),(1,'237'),(1,'238'),(1,'239'),(1,'240'),(1,'241'),(1,'242'),(1,'243'),(1,'244'),(1,'245'),(1,'246'),(1,'247'),(1,'248'),(1,'249'),(1,'250'),(1,'251'),(1,'252'),(1,'253'),(1,'254'),(1,'255'),(1,'256'),(1,'257'),(1,'258'),(1,'259'),(1,'260'),(1,'261'),(1,'262'),(1,'263'),(1,'264'),(1,'265'),(1,'266'),(1,'267'),(1,'268'),(1,'269'),(1,'270'),(1,'271'),(1,'272'),(1,'273'),(1,'274'),(1,'275'),(1,'276'),(1,'277'),(1,'278'),(1,'279'),(1,'280'),(1,'281'),(1,'282'),(1,'283'),(1,'284'),(1,'285'),(1,'286'),(1,'287'),(1,'288'),(1,'289'),(1,'290'),(1,'291'),(1,'292'),(1,'293'),(1,'294'),(1,'295'),(1,'296'),(1,'297'),(1,'298'),(1,'299'),(1,'300'),(1,'301'),(1,'302'),(1,'303'),(1,'304'),(1,'305'),(1,'306'),(1,'307'),(1,'308'),(1,'309'),(1,'310'),(1,'311'),(1,'312'),(1,'313'),(1,'314'),(1,'315'),(1,'316'),(1,'317'),(1,'318'),(1,'319'),(1,'320'),(1,'321'),(1,'322'),(1,'323'),(1,'324'),(1,'325'),(1,'326'),(1,'327'),(1,'328'),(1,'329'),(1,'330'),(1,'331'),(1,'332'),(1,'333'),(1,'334'),(1,'335'),(1,'336'),(1,'337'),(1,'338'),(1,'339'),(1,'340'),(1,'341'),(1,'342'),(1,'343'),(1,'344'),(1,'345'),(1,'346'),(1,'347'),(1,'348'),(1,'349'),(1,'350'),(1,'351'),(1,'352'),(1,'353'),(1,'354'),(1,'355'),(1,'356'),(1,'357'),(1,'358'),(1,'359'),(1,'360'),(1,'361'),(1,'362'),(1,'363'),(1,'364'),(1,'365'),(1,'366'),(1,'367'),(1,'368'),(1,'369'),(1,'370'),(1,'371'),(1,'372'),(1,'373'),(1,'374'),(1,'375'),(1,'376'),(1,'377'),(1,'378'),(1,'379'),(1,'380'),(1,'381'),(1,'382'),(1,'383'),(1,'384'),(1,'385'),(1,'386'),(1,'387'),(1,'388'),(1,'389'),(1,'390'),(1,'391'),(1,'392'),(1,'393'),(1,'394'),(1,'395'),(1,'396'),(1,'397'),(1,'398'),(1,'399'),(1,'400'),(1,'401'),(1,'402'),(1,'403'),(1,'404'),(1,'405'),(1,'406'),(1,'407'),(1,'408'),(1,'409'),(1,'410'),(1,'411'),(1,'412'),(1,'413'),(1,'414'),(1,'415'),(1,'416'),(1,'417'),(1,'418'),(1,'419'),(1,'420'),(1,'421'),(1,'422'),(1,'423'),(1,'424'),(1,'425'),(1,'426'),(1,'427'),(1,'428'),(1,'429'),(1,'430'),(1,'431'),(1,'432'),(1,'433'),(1,'434'),(1,'435'),(1,'436'),(1,'437'),(1,'438'),(1,'439'),(1,'440'),(1,'441'),(1,'442'),(1,'443'),(1,'444'),(1,'445'),(1,'446'),(1,'447'),(1,'448'),(1,'449'),(1,'450'),(1,'451'),(1,'452'),(1,'453'),(1,'454'),(1,'455'),(1,'456'),(1,'457'),(1,'458'),(1,'459'),(1,'460'),(1,'461'),(1,'462'),(1,'463'),(1,'464'),(1,'465'),(1,'466'),(1,'467'),(1,'468'),(1,'469'),(1,'470'),(1,'471'),(1,'472'),(1,'473'),(1,'474'),(1,'475'),(1,'476'),(1,'477'),(1,'478'),(1,'479'),(1,'480'),(1,'481'),(1,'482'),(1,'483'),(1,'484'),(1,'485'),(1,'486'),(1,'487'),(1,'488'),(1,'489'),(1,'490'),(1,'491'),(1,'492'),(1,'493'),(1,'494'),(1,'495'),(1,'496'),(1,'497'),(1,'498'),(1,'499'),(1,'500'),(1,'501'),(1,'502'),(1,'503'),(1,'504'),(1,'505'),(1,'506'),(1,'507'),(1,'508'),(1,'509'),(1,'510'),(1,'511'),(1,'512'),(1,'513'),(1,'514'),(1,'515'),(1,'516'),(1,'517'),(1,'518'),(1,'519'),(1,'520'),(1,'521'),(1,'522'),(1,'523'),(1,'524'),(1,'525'),(1,'526'),(1,'527'),(1,'528'),(1,'529'),(1,'530'),(1,'531'),(1,'532'),(1,'533'),(1,'534'),(1,'535'),(1,'536'),(1,'537'),(1,'538'),(1,'539'),(1,'540'),(1,'541'),(1,'542'),(1,'543'),(1,'544'),(1,'545'),(1,'546'),(1,'547'),(1,'548'),(1,'549'),(1,'550'),(1,'551'),(1,'552'),(1,'553'),(1,'554'),(1,'555'),(1,'556'),(1,'557'),(1,'558'),(1,'559'),(1,'560'),(1,'561'),(1,'562'),(1,'563'),(1,'564'),(1,'565'),(1,'566'),(1,'567'),(1,'568'),(1,'569'),(1,'570'),(1,'571'),(1,'572'),(1,'573'),(1,'574'),(1,'575'),(1,'576'),(1,'577'),(1,'578'),(1,'579'),(1,'580'),(1,'581'),(1,'582'),(1,'583'),(1,'584'),(1,'585'),(1,'586'),(1,'587'),(1,'588'),(1,'589'),(1,'590'),(1,'591'),(1,'592'),(1,'593'),(1,'594'),(1,'595'),(1,'596'),(1,'597'),(1,'598'),(1,'599'),(1,'600'),(1,'601'),(1,'602'),(1,'603'),(1,'604'),(1,'605'),(1,'606'),(1,'607'),(1,'608'),(1,'609'),(1,'610'),(1,'611'),(1,'612'),(1,'613'),(1,'614'),(1,'615'),(1,'616'),(1,'617'),(1,'618'),(1,'619'),(1,'620'),(1,'621'),(1,'622'),(1,'623'),(1,'624'),(1,'625'),(1,'626'),(1,'627'),(1,'628'),(1,'629'),(1,'630'),(1,'631'),(1,'632'),(1,'633'),(1,'634'),(1,'635'),(1,'636'),(1,'637'),(1,'638'),(1,'639'),(1,'640'),(1,'641'),(1,'642'),(1,'643'),(1,'644'),(1,'645'),(1,'646'),(1,'647'),(1,'648'),(1,'649'),(1,'650'),(1,'651'),(1,'652'),(1,'653'),(1,'654'),(1,'655'),(1,'656'),(1,'657'),(1,'658'),(1,'659'),(1,'660'),(1,'661'),(1,'662'),(1,'663'),(1,'664'),(1,'665'),(1,'666'),(1,'667'),(1,'668'),(1,'669'),(1,'670'),(1,'671'),(1,'672'),(1,'673'),(1,'674'),(1,'675'),(1,'676'),(1,'677'),(1,'678'),(1,'679'),(1,'680'),(1,'681'),(1,'682'),(1,'683'),(1,'684'),(1,'685'),(1,'686'),(1,'687'),(1,'688'),(1,'689'),(1,'690'),(1,'691'),(1,'692'),(1,'693'),(1,'694'),(1,'695'),(1,'696'),(1,'697'),(1,'698'),(1,'699'),(1,'700'),(1,'701'),(1,'702'),(1,'703'),(1,'704'),(1,'705'),(1,'706'),(1,'707'),(1,'708'),(1,'709'),(1,'710'),(1,'711'),(1,'712'),(1,'713'),(1,'714'),(1,'715'),(1,'716'),(1,'717'),(1,'718'),(1,'719'),(1,'720'),(1,'721'),(1,'722'),(1,'723'),(1,'724'),(1,'725'),(1,'726'),(1,'727'),(1,'728'),(1,'729'),(1,'730'),(1,'731'),(1,'732'),(1,'733'),(1,'734'),(1,'735'),(1,'736'),(1,'737'),(1,'738'),(1,'739'),(1,'740'),(1,'741'),(1,'742'),(1,'743'),(1,'744'),(1,'745'),(1,'746'),(1,'747'),(1,'748'),(1,'749'),(1,'750'),(1,'751'),(1,'752'),(1,'753'),(1,'754'),(1,'755'),(1,'756'),(1,'757'),(1,'758'),(1,'759'),(1,'760'),(1,'761'),(1,'762'),(1,'763'),(1,'764'),(1,'765'),(1,'766'),(1,'767'),(1,'768'),(1,'769'),(1,'770'),(1,'771'),(1,'772'),(1,'773'),(1,'774'),(1,'775'),(1,'776'),(1,'777'),(1,'778'),(1,'779'),(1,'780'),(1,'781'),(1,'782'),(1,'783'),(1,'784'),(1,'785'),(1,'786'),(1,'787'),(1,'788'),(1,'789'),(1,'790'),(1,'791'),(1,'792'),(1,'793'),(1,'794'),(1,'795'),(1,'796'),(1,'797'),(1,'798'),(1,'799'),(1,'800'),(1,'801'),(1,'802'),(1,'803'),(1,'804'),(1,'805'),(1,'806'),(1,'807'),(1,'808'),(1,'809'),(1,'810'),(1,'811'),(1,'812'),(1,'813'),(1,'814'),(1,'815'),(1,'816'),(1,'817'),(1,'818'),(1,'819'),(1,'820'),(1,'821'),(1,'822'),(1,'823'),(1,'824'),(1,'825'),(1,'826'),(1,'827'),(1,'828'),(1,'829'),(1,'830'),(1,'831'),(1,'832'),(1,'833'),(1,'834'),(1,'835'),(1,'836'),(1,'837'),(1,'838'),(1,'839'),(1,'840'),(1,'841'),(1,'842'),(1,'843'),(1,'844'),(1,'845'),(1,'846'),(1,'847'),(1,'848'),(1,'849'),(1,'850'),(1,'851'),(1,'852'),(1,'853'),(1,'854'),(1,'855'),(1,'856'),(1,'857'),(1,'858'),(1,'859'),(1,'860'),(1,'861'),(1,'862'),(1,'863'),(1,'864'),(1,'865'),(1,'866'),(1,'867'),(1,'868'),(1,'869'),(1,'870'),(1,'871'),(1,'872'),(1,'873'),(1,'874'),(1,'875'),(1,'876'),(1,'877'),(1,'878'),(1,'879'),(1,'880'),(1,'881'),(1,'882'),(1,'883'),(1,'884'),(1,'885'),(1,'886'),(1,'887'),(1,'888'),(1,'889'),(1,'890'),(1,'891'),(1,'892'),(1,'893'),(1,'894'),(1,'895'),(1,'896'),(1,'897'),(1,'898'),(1,'899'),(1,'900'),(1,'901'),(1,'902'),(1,'903'),(1,'904'),(1,'905'),(1,'906'),(1,'907'),(1,'908'),(1,'909'),(1,'910'),(1,'911'),(1,'912'),(1,'913'),(1,'914'),(1,'915'),(1,'916'),(1,'917'),(1,'918'),(1,'919'),(1,'920'),(1,'921'),(1,'922'),(1,'923'),(1,'924'),(1,'925'),(1,'926'),(1,'927'),(1,'928'),(1,'929'),(1,'930'),(1,'931'),(1,'932'),(1,'933'),(1,'934'),(1,'935'),(1,'936'),(1,'937'),(1,'938'),(1,'939'),(1,'940'),(1,'941'),(1,'942'),(1,'943'),(1,'944'),(1,'945'),(1,'946'),(1,'947'),(1,'948'),(1,'949'),(1,'950'),(1,'951'),(1,'952'),(1,'953'),(1,'954'),(1,'955'),(1,'956'),(1,'957'),(1,'958'),(1,'959'),(1,'960'),(1,'961'),(1,'962'),(1,'963'),(1,'964'),(1,'965'),(1,'966'),(1,'967'),(1,'968'),(1,'969'),(1,'970'),(1,'971'),(1,'972'),(1,'973'),(1,'974'),(1,'975'),(1,'976'),(1,'977'),(1,'978'),(1,'979'),(1,'980'),(1,'981'),(1,'982'),(1,'983'),(1,'984'),(1,'985'),(1,'986'),(1,'987'),(1,'988'),(1,'989'),(1,'990'),(1,'991'),(1,'992'),(1,'993'),(1,'994'),(1,'995'),(1,'996'),(1,'997'),(1,'998'),(1,'999'),(1,'1000'),(1,'1001'),(1,'1002'),(1,'1003'),(1,'1004'),(1,'1005'),(1,'1006'),(1,'1007'),(1,'1008'),(1,'1009'),(1,'1010'),(1,'1011'),(1,'1012'),(1,'1013'),(1,'1014'),(1,'1015'),(1,'1016'),(1,'1017'),(1,'1018'),(1,'1019'),(1,'1020'),(1,'1021'),(1,'1022'),(1,'1023'),(1,'1024'),(1,'1025'),(1,'1026'),(1,'1027'),(1,'1028'),(1,'1029'),(1,'1030'),(1,'1031'),(1,'1032'),(1,'1033'),(1,'1034'),(1,'1035'),(1,'1036'),(1,'1037'),(1,'1038'),(1,'1039'),(1,'1040'),(1,'1041'),(1,'1042'),(1,'1043'),(1,'1044'),(1,'1045'),(1,'1046'),(1,'1047'),(1,'1048'),(1,'1049'),(1,'1050'),(1,'1051'),(1,'1052'),(1,'1053'),(1,'1054'),(1,'1055'),(1,'1056'),(1,'1057'),(1,'1058'),(1,'1059'),(1,'1060'),(1,'1061'),(1,'1062'),(1,'1063'),(1,'1064'),(1,'1065'),(1,'1066'),(1,'1067'),(1,'1068'),(1,'1069'),(1,'1070'),(1,'1071'),(1,'1072'),(1,'1073'),(1,'1074'),(1,'1075'),(1,'1076'),(1,'1077'),(1,'1078'),(1,'1079'),(1,'1080'),(1,'1081'),(1,'1082'),(1,'1083'),(1,'1084'),(1,'1085'),(1,'1086'),(1,'1087'),(1,'1088'),(1,'1089'),(1,'1090'),(1,'1091'),(1,'1092'),(1,'1093'),(1,'1094'),(1,'1095'),(1,'1096'),(1,'1097'),(1,'1098'),(1,'1099'),(1,'1100'),(1,'1101'),(1,'1102'),(1,'1103'),(1,'1104'),(1,'1105'),(1,'1106'),(1,'1107'),(1,'1108'),(1,'1109'),(1,'1110'),(1,'1111'),(1,'1112'),(1,'1113'),(1,'1114'),(1,'1115'),(1,'1116'),(1,'1117'),(1,'1118'),(1,'1119'),(1,'1120'),(1,'1121'),(1,'1122'),(1,'1123'),(1,'1124'),(1,'1125'),(1,'1126'),(1,'1127'),(1,'1128'),(1,'1129'),(1,'1130'),(1,'1131'),(1,'1132'),(1,'1133'),(1,'1134'),(1,'1135'),(1,'1136'),(1,'1137'),(1,'1138'),(1,'1139'),(1,'1140'),(1,'1141'),(1,'1142'),(1,'1143'),(1,'1144'),(1,'1145'),(1,'1146'),(1,'1147'),(1,'1148'),(1,'1149'),(1,'1150'),(1,'1151'),(1,'1152'),(1,'1153'),(1,'1154'),(1,'1155'),(1,'1156'),(1,'1157'),(1,'1158'),(1,'1159'),(1,'1160'),(1,'1161'),(1,'1162'),(1,'1163'),(1,'1164'),(1,'1165'),(1,'1166'),(1,'1167'),(1,'1168'),(1,'1169'),(1,'1170'),(1,'1171'),(1,'1172'),(1,'1173'),(1,'1174'),(1,'1175'),(1,'1176'),(1,'1177'),(1,'1178'),(1,'1179'),(1,'1180'),(1,'1181'),(1,'1182'),(1,'1183'),(1,'1184'),(1,'1185'),(1,'1186'),(1,'1187'),(1,'1188'),(1,'1189'),(1,'1190'),(1,'1191'),(1,'1192'),(1,'1193'),(1,'1194'),(1,'1195'),(1,'1196'),(1,'1197'),(1,'1198'),(1,'1199'),(1,'1200'),(1,'1201'),(1,'1202'),(1,'1203'),(1,'1204'),(1,'1205'),(1,'1206'),(1,'1207'),(1,'1208'),(1,'1209'),(1,'1210'),(1,'1211'),(1,'1212'),(1,'1213'),(1,'1214'),(1,'1215'),(1,'1216'),(1,'1217'),(1,'1218'),(1,'1219'),(1,'1220'),(1,'1221'),(1,'1222'),(1,'1223'),(1,'1224'),(1,'1225'),(1,'1226'),(1,'1227'),(1,'1228'),(1,'1229'),(1,'1230'),(1,'1231'),(1,'1232'),(1,'1233'),(1,'1234'),(1,'1235'),(1,'1236'),(1,'1237'),(1,'1238'),(1,'1239'),(1,'1240'),(1,'1241'),(1,'1242'),(3,'1243'),(1,'1244'),(1,'1245'),(1,'1246'),(1,'1247'),(1,'1248'),(1,'1249'),(1,'1250'),(1,'1251'),(1,'1252'),(1,'1253'),(1,'1254'),(1,'1255'),(1,'1256'),(1,'1257'),(1,'1258'),(1,'1259'),(1,'1260'),(1,'1261'),(1,'1262'),(1,'1263'),(1,'1264'),(1,'1265'),(1,'1266'),(1,'1267'),(1,'1268'),(1,'1269'),(1,'1270'),(1,'1271'),(1,'1272'),(1,'1273'),(1,'1274'),(1,'1275'),(1,'1276'),(1,'1277'),(1,'1278'),(1,'1279'),(1,'1280'),(1,'1281'),(1,'1282'),(1,'1283'),(1,'1284'),(1,'1285'),(1,'1286'),(1,'1287'),(1,'1288'),(1,'1289'),(1,'1290'),(1,'1291'),(1,'1292'),(1,'1293'),(1,'1294'),(1,'1295'),(1,'1296'),(1,'1297'),(1,'1298'),(1,'1299'),(1,'1300'),(1,'1301'),(1,'1302'),(1,'1303'),(1,'1304'),(1,'1305'),(1,'1306'),(1,'1307'),(1,'1308'),(1,'1309'),(1,'1310'),(1,'1311'),(1,'1312'),(1,'1313'),(1,'1314'),(1,'1315'),(1,'1316'),(1,'1317'),(1,'1318'),(1,'1319'),(1,'1320'),(1,'1321'),(1,'1322'),(1,'1323'),(1,'1324'),(1,'1325'),(1,'1326'),(1,'1327'),(1,'1328'),(1,'1329'),(1,'1330'),(1,'1331'),(1,'1332'),(1,'1333'),(1,'1334'),(1,'1335'),(1,'1336'),(1,'1337'),(1,'1338'),(1,'1339'),(1,'1340'),(1,'1341'),(1,'1342'),(1,'1343'),(1,'1344'),(1,'1345'),(1,'1346'),(1,'1347'),(1,'1348'),(1,'1349'),(1,'1350'),(1,'1351'),(1,'1352'),(1,'1353'),(1,'1354'),(1,'1355'),(1,'1356'),(1,'1357'),(1,'1358'),(1,'1359'),(1,'1360'),(1,'1361'),(1,'1362'),(1,'1363'),(1,'1364'),(1,'1365'),(1,'1366'),(1,'1367'),(1,'1368'),(1,'1369'),(1,'1370'),(1,'1371'),(1,'1372'),(1,'1373'),(1,'1374'),(1,'1375'),(1,'1376'),(1,'1377'),(1,'1378'),(1,'1379'),(1,'1380'),(1,'1381'),(1,'1382'),(1,'1383'),(1,'1384'),(1,'1385'),(1,'1386'),(1,'1387'),(1,'1388'),(1,'1389'),(1,'1390'),(1,'1391'),(1,'1392'),(1,'1393'),(1,'1394'),(1,'1395'),(1,'1396'),(1,'1397'),(1,'1398'),(1,'1399'),(1,'1400'),(1,'1401'),(1,'1402'),(1,'1403'),(1,'1404'),(1,'1405'),(1,'1406'),(1,'1407'),(1,'1408'),(1,'1409'),(1,'1410'),(1,'1411'),(1,'1412'),(1,'1413'),(1,'1414'),(1,'1415'),(1,'1416'),(1,'1417'),(1,'1418'),(1,'1419'),(1,'1420'),(1,'1421'),(1,'1422'),(1,'1423'),(1,'1424'),(1,'1425'),(1,'1426'),(1,'1427'),(1,'1428'),(1,'1429'),(1,'1430'),(1,'1431'),(1,'1432'),(1,'1433'),(1,'1434'),(1,'1435'),(1,'1436'),(1,'1437'),(1,'1438'),(1,'1439'),(1,'1440'),(1,'1441'),(1,'1442'),(1,'1443'),(1,'1444'),(1,'1445'),(1,'1446'),(1,'1447'),(1,'1448'),(1,'1449'),(1,'1450'),(1,'1451'),(1,'1452'),(1,'1453'),(1,'1454'),(1,'1455'),(1,'1456'),(1,'1457'),(1,'1458'),(1,'1459'),(1,'1460'),(1,'1461'),(1,'1462'),(1,'1463'),(1,'1464'),(1,'1465'),(1,'1466'),(1,'1467'),(1,'1468'),(1,'1469'),(1,'1470'),(1,'1471'),(1,'1472'),(1,'1473'),(1,'1474'),(1,'1475'),(1,'1476'),(1,'1477'),(1,'1478'),(1,'1479'),(1,'1480'),(1,'1481'),(1,'1482'),(1,'1483'),(1,'1484'),(1,'1485'),(1,'1486'),(1,'1487'),(1,'1488'),(1,'1489'),(1,'1490'),(1,'1491'),(1,'1492'),(1,'1493'),(1,'1494'),(1,'1495'),(1,'1496'),(1,'1497'),(1,'1498'),(1,'1499'),(1,'1500'),(1,'1501'),(1,'1502'),(1,'1503'),(1,'1504'),(1,'1505'),(1,'1506'),(1,'1507'),(1,'1508'),(1,'1509'),(1,'1510'),(1,'1511'),(1,'1512'),(1,'1513'),(1,'1514'),(1,'1515'),(1,'1516'),(1,'1517'),(1,'1518'),(1,'1519'),(1,'1520'),(1,'1521'),(1,'1522'),(1,'1523'),(1,'1524'),(1,'1525'),(1,'1526'),(1,'1527'),(1,'1528'),(1,'1529'),(1,'1530'),(1,'1531'),(1,'1532'),(1,'1533'),(1,'1534'),(1,'1535'),(1,'1536'),(1,'1537'),(1,'1538'),(1,'1539'),(1,'1540'),(1,'1541'),(1,'1542'),(1,'1543'),(1,'1544'),(1,'1547'),(1,'1546'),(1,'1545'),(NULL,NULL);

/*Table structure for table `sp_user` */

DROP TABLE IF EXISTS `sp_user`;

CREATE TABLE `sp_user` (
  `uid` int(10) NOT NULL AUTO_INCREMENT,
  `unum` varchar(10) NOT NULL,
  `uname` varchar(100) NOT NULL,
  `upassword` varchar(64) NOT NULL,
  `master` varchar(40) NOT NULL,
  `ugrade` varchar(40) NOT NULL,
  `umail` varchar(20) NOT NULL,
  `utel` varchar(20) NOT NULL,
  `upoint` int(10) NOT NULL DEFAULT '0',
  `uflag` varchar(6) NOT NULL,
  `uprofession` varchar(10) NOT NULL DEFAULT '学生',
  `uckeck` int(2) NOT NULL DEFAULT '0',
  `usuper` int(1) NOT NULL DEFAULT '0',
  `school` varchar(120) NOT NULL DEFAULT '计算机科学与技术学院',
  PRIMARY KEY (`uid`),
  UNIQUE KEY `unum` (`unum`)
) ENGINE=InnoDB AUTO_INCREMENT=1548 DEFAULT CHARSET=utf8;

/*Data for the table `sp_user` */

insert  into `sp_user`(`uid`,`unum`,`uname`,`upassword`,`master`,`ugrade`,`umail`,`utel`,`upoint`,`uflag`,`uprofession`,`uckeck`,`usuper`,`school`) values (2,'10000','系统管理员','e10adc3949ba59abbe56e057f20f883e','213','213','213','13917377764',0,'学生','学生',0,1,'计算机科学与技术学院'),(780,'161310101','龚晓雯','117385328e2f33c2ab6d58e1f2a306a7','计算机类','计算机类1601','','',0,'','学生',0,0,'计算机科学与技术学院'),(781,'161310102','刘雨杉','9e384bb1fef5c4d050f3c96e35428339','计算机类','计算机类1601','','',0,'','学生',0,0,'计算机科学与技术学院'),(782,'161310103','邓裕欣','676d35eb20d6d9f57b342ca63ce79031','计算机类','计算机类1601','','',0,'','学生',0,0,'计算机科学与技术学院'),(783,'161310104','李菲','ed6c8ae8ebf9530393f6b2349799b09f','计算机类','计算机类1601','','',0,'','学生',0,0,'计算机科学与技术学院'),(784,'161310106','胡俊','5e03e9caaed12f938d6bd1d834d340df','计算机类','计算机类1601','','',0,'','学生',0,0,'计算机科学与技术学院'),(785,'161310108','姚海涵','83620587cd380ae4cba7d2302f3779dc','计算机类','计算机类1601','','',0,'','学生',0,0,'计算机科学与技术学院'),(786,'161310109','德青措姆','080134170f0e007da1602078d4fb436c','计算机类','计算机类1601','','',0,'','学生',0,0,'计算机科学与技术学院'),(787,'161310110','张舒亭','a6e9fc26296ed20e2fc26cfa6e4dc13f','计算机类','计算机类1601','','',0,'','学生',0,0,'计算机科学与技术学院'),(788,'161310111','周浩然','a3c1271741a25aa756ac6889ff7f569e','计算机类','计算机类1601','','',0,'','学生',0,0,'计算机科学与技术学院'),(789,'161310112','王少军','0dad765159a66fb797c0a27cead4c801','计算机类','计算机类1601','','',0,'','学生',0,0,'计算机科学与技术学院'),(790,'161310113','黄子帆','132c1481918bc86d2fd33d80da6c7c2a','计算机类','计算机类1601','','',0,'','学生',0,0,'计算机科学与技术学院'),(791,'161310114','席崇钰','6f4047bbe4d72280119d9597e0fa0d62','计算机类','计算机类1601','','',0,'','学生',0,0,'计算机科学与技术学院'),(792,'161310115','王佳鑫','39f6d900f7a3e6cf53ece80213146fad','计算机类','计算机类1601','','',0,'','学生',0,0,'计算机科学与技术学院'),(793,'161310116','杨昕','ae52b8e24cc0c4f56401f799666f5ff7','计算机类','计算机类1601','','',0,'','学生',0,0,'计算机科学与技术学院'),(794,'161310117','史子弘','585de132ffb11add299ee0ba230bbee2','计算机类','计算机类1601','','',0,'','学生',0,0,'计算机科学与技术学院'),(795,'161310118','张锦宇','deb2db8665e373825716ab9d9a1765e1','计算机类','计算机类1601','','',0,'','学生',0,0,'计算机科学与技术学院'),(796,'161310119','梁雄飞','29be232e8da38fc85f0ebc94023f158a','计算机类','计算机类1601','','',0,'','学生',0,0,'计算机科学与技术学院'),(797,'161310120','饶学亮','2d9736feeea1e9578723630a66dbd32a','计算机类','计算机类1601','','',0,'','学生',0,0,'计算机科学与技术学院'),(798,'161310121','王旭东','9909d9ac2f4747078a7b2e4a41e9edee','计算机类','计算机类1601','','',0,'','学生',0,0,'计算机科学与技术学院'),(799,'161310122','郑九洲','ea78b18593471ce34ac643b7d4dc08dc','计算机类','计算机类1601','','',0,'','学生',0,0,'计算机科学与技术学院'),(800,'161310125','盛超群','b31428671dd266b74e0ef65868368514','计算机类','计算机类1601','','',0,'','学生',0,0,'计算机科学与技术学院'),(801,'161310126','周昕陶','28d66945af3c5b0bc4ca7acd5ca435e2','计算机类','计算机类1601','','',0,'','学生',0,0,'计算机科学与技术学院'),(802,'161310127','向亮','87c5b3d1b77c026f309f4f8629f2ba18','计算机类','计算机类1601','','',0,'','学生',0,0,'计算机科学与技术学院'),(803,'161310128','康相林','90991c2d7460c01f4136de9f09f6bda1','计算机类','计算机类1601','','',0,'','学生',0,0,'计算机科学与技术学院'),(804,'161310201','时一铭','852faa524f8166d94d2c5c521460378c','计算机类','计算机类1602','','',0,'','学生',0,0,'计算机科学与技术学院'),(805,'161310202','潘姝烨','9f09a524f3c903f18617b661638d0ce3','计算机类','计算机类1602','','',0,'','学生',0,0,'计算机科学与技术学院'),(806,'161310203','文洋洋','ab0705a864da8067ac8f8f6e409c5572','计算机类','计算机类1602','','',0,'','学生',0,0,'计算机科学与技术学院'),(807,'161310204','吕佳悦','2961f63df92d01e5fe78f9a68bea6c65','计算机类','计算机类1602','','',0,'','学生',0,0,'计算机科学与技术学院'),(808,'161310205','刘瑜琪','ca0bc1d271f9081584ac53f99b2535b7','计算机类','计算机类1602','','',0,'','学生',0,0,'计算机科学与技术学院'),(809,'161310207','袁圆','1b6da8b8a960f98f3d71e3b6544ca5fa','计算机类','计算机类1602','','',0,'','学生',0,0,'计算机科学与技术学院'),(810,'161310208','王亮亮','511164aa43b2eba2186673abc73d8a9e','计算机类','计算机类1602','','',0,'','学生',0,0,'计算机科学与技术学院'),(811,'161310209','于胜男','b85102e3c8ad7239447a9a78acebb09e','计算机类','计算机类1602','','',0,'','学生',0,0,'计算机科学与技术学院'),(812,'161310210','丁栋平','6c4d10201f9053536ab522894ff8518b','计算机类','计算机类1602','','',0,'','学生',0,0,'计算机科学与技术学院'),(813,'161310211','陈烨','93bef3e5d1a504e59b812828864f817b','计算机类','计算机类1602','','',0,'','学生',0,0,'计算机科学与技术学院'),(814,'161310212','朱佳丰','4d6655a15646562f56747f730b147f60','计算机类','计算机类1602','','',0,'','学生',0,0,'计算机科学与技术学院'),(815,'161310213','林俊洪','b1a380b4d712f47005ad5ed4049840d3','计算机类','计算机类1602','','',0,'','学生',0,0,'计算机科学与技术学院'),(816,'161310214','张恒华','0b926effdfda39045dcaf7ba9a4871a2','计算机类','计算机类1602','','',0,'','学生',0,0,'计算机科学与技术学院'),(817,'161310215','邹佳航','638e19a1de607647af2f83f3fa1fb255','计算机类','计算机类1602','','',0,'','学生',0,0,'计算机科学与技术学院'),(818,'161310216','黄嗣承','02dab71814eadfde5953635ca7cfd87c','计算机类','计算机类1602','','',0,'','学生',0,0,'计算机科学与技术学院'),(819,'161310217','宋嘉祎','36f16e918c193490b5790b56291f3bc1','计算机类','计算机类1602','','',0,'','学生',0,0,'计算机科学与技术学院'),(820,'161310218','张景栋','cbd273000d7a72f83d5b04354b333b88','计算机类','计算机类1602','','',0,'','学生',0,0,'计算机科学与技术学院'),(821,'161310219','刘少晨','332faa000341677bc67a7c7ab8ab9ae0','计算机类','计算机类1602','','',0,'','学生',0,0,'计算机科学与技术学院'),(822,'161310220','谭文固','9b38d8de7370b0912a21de582def58bf','计算机类','计算机类1602','','',0,'','学生',0,0,'计算机科学与技术学院'),(823,'161310221','张春麟','5db7b6674a81e7ce6f9c53bff7026603','计算机类','计算机类1602','','',0,'','学生',0,0,'计算机科学与技术学院'),(824,'161310222','陈文杰','5b8204a36e4be0965776d51033458630','计算机类','计算机类1602','','',0,'','学生',0,0,'计算机科学与技术学院'),(825,'161310223','钟彪','0bbb95d41c6f1524a65d48c68d4df88f','计算机类','计算机类1602','','',0,'','学生',0,0,'计算机科学与技术学院'),(826,'161310224','曾淳','47307e2695baa43d7835121c1dfc7df0','计算机类','计算机类1602','','',0,'','学生',0,0,'计算机科学与技术学院'),(827,'161310225','张海路','2c63d6038bf72a5f1f918429d7e3cbeb','计算机类','计算机类1602','','',0,'','学生',0,0,'计算机科学与技术学院'),(828,'161310226','杜威','efc8569dbab95d0fd606983ed86f5a8f','计算机类','计算机类1602','','',0,'','学生',0,0,'计算机科学与技术学院'),(829,'161310301','林若菡','582c5aff6201d81eb753cea5967bf6fa','计算机类','计算机类1603','','',0,'','学生',0,0,'计算机科学与技术学院'),(830,'161310302','汪瑞琪','fe81aeb87c2c4d9639cd8d1bb0ecb791','计算机类','计算机类1603','','',0,'','学生',0,0,'计算机科学与技术学院'),(831,'161310303','高晓猛','f60134e11986636ddb0fae111a0b29a7','计算机类','计算机类1603','','',0,'','学生',0,0,'计算机科学与技术学院'),(832,'161310304','于欣雨','c2155e4e48b934bf246e0b4371437c47','计算机类','计算机类1603','','',0,'','学生',0,0,'计算机科学与技术学院'),(833,'161310305','陈卓','8b7e5a7e0590962ca6dda8cbd36dac48','计算机类','计算机类1603','','',0,'','学生',0,0,'计算机科学与技术学院'),(834,'161310307','叶琴','da9b8e84a4343fc91b79b03fbe0c9d05','计算机类','计算机类1603','','',0,'','学生',0,0,'计算机科学与技术学院'),(835,'161310308','王双钰','c085fe8fb1eb9a2a4819d8b3655f1164','计算机类','计算机类1603','','',0,'','学生',0,0,'计算机科学与技术学院'),(836,'161310310','蒋泽宇','530a41fbcf7aed56a5d0b583d1f71ebc','计算机类','计算机类1603','','',0,'','学生',0,0,'计算机科学与技术学院'),(837,'161310311','戴顺新','e814720c7e976ed13ac5c45de1561856','计算机类','计算机类1603','','',0,'','学生',0,0,'计算机科学与技术学院'),(838,'161310312','陈志腾','31f7bdb87e0aa3b09dc0a765d11dac02','计算机类','计算机类1603','','',0,'','学生',0,0,'计算机科学与技术学院'),(839,'161310313','李观泰','fe25959507cce88839c700b7921bfcd0','计算机类','计算机类1603','','',0,'','学生',0,0,'计算机科学与技术学院'),(840,'161310314','李梦强','d3d894c747163519b8040beacda057ff','计算机类','计算机类1603','','',0,'','学生',0,0,'计算机科学与技术学院'),(841,'161310315','陈中天','1b5f3b2f804d13061504f7698f5e7908','计算机类','计算机类1603','','',0,'','学生',0,0,'计算机科学与技术学院'),(842,'161310316','蒋顾毅','bb04378c0d4895bbd422b17175d891fa','计算机类','计算机类1603','','',0,'','学生',0,0,'计算机科学与技术学院'),(843,'161310317','汪思涵','bdaa3c087cb020152c1e194bdeda8de8','计算机类','计算机类1603','','',0,'','学生',0,0,'计算机科学与技术学院'),(844,'161310318','朱经纬','89fc480b18485669d05a58cb9a3d8185','计算机类','计算机类1603','','',0,'','学生',0,0,'计算机科学与技术学院'),(845,'161310319','马梦园','93023bda4215854519ab4c5dc2a6bc6d','计算机类','计算机类1603','','',0,'','学生',0,0,'计算机科学与技术学院'),(846,'161310321','杜亚博','7a901ae9fa6cd40a85c08bfd8e7b2534','计算机类','计算机类1603','','',0,'','学生',0,0,'计算机科学与技术学院'),(847,'161310322','付青','f17b6a5f6c95d46633a61174e73da7a2','计算机类','计算机类1603','','',0,'','学生',0,0,'计算机科学与技术学院'),(848,'161310323','符传炜','3d1a876dda97ac00de163eb467e0717d','计算机类','计算机类1603','','',0,'','学生',0,0,'计算机科学与技术学院'),(849,'161310324','李潘洋','0b519e6e66e526668e77f9d9bbf3a6c0','计算机类','计算机类1603','','',0,'','学生',0,0,'计算机科学与技术学院'),(850,'161310325','董欣书','3f1f7029030b7f9e82c891bba61fe69b','计算机类','计算机类1603','','',0,'','学生',0,0,'计算机科学与技术学院'),(851,'161310326','贾琪','aa183847ebefce7cb4a19f4d1c4256da','计算机类','计算机类1603','','',0,'','学生',0,0,'计算机科学与技术学院'),(852,'161310327','范瑞克','2139622bdb3dc5baae1fb40418fb7a74','计算机类','计算机类1603','','',0,'','学生',0,0,'计算机科学与技术学院'),(853,'161310401','缪艺玮','05d489492faf99c1a0eb509de5a16d31','计算机类','计算机类1604','','',0,'','学生',0,0,'计算机科学与技术学院'),(854,'161310402','朱宇鑫','5f6daafc227e31e88d5dd086b42791f3','计算机类','计算机类1604','','',0,'','学生',0,0,'计算机科学与技术学院'),(855,'161310403','谢孟霞','12124b1169728134f4e79c8a0f16272b','计算机类','计算机类1604','','',0,'','学生',0,0,'计算机科学与技术学院'),(856,'161310404','王晓琳','526cc6661247cf47d2a8937a52f4b39f','计算机类','计算机类1604','','',0,'','学生',0,0,'计算机科学与技术学院'),(857,'161310405','樊静宜','cd0377e9c4375e3711f9cad51740628b','计算机类','计算机类1604','','',0,'','学生',0,0,'计算机科学与技术学院'),(858,'161310408','李筱','a1987a7d091e476d390fc35ccd0c3507','计算机类','计算机类1604','','',0,'','学生',0,0,'计算机科学与技术学院'),(859,'161310409','韩明轩','04051d5a7a6a6811acb63452999dce5e','计算机类','计算机类1604','','',0,'','学生',0,0,'计算机科学与技术学院'),(860,'161310410','童琪盛','53b08df0c20f6ad248ad25101c1faa6d','计算机类','计算机类1604','','',0,'','学生',0,0,'计算机科学与技术学院'),(861,'161310411','傅江红','e44eb1656847cdddc37fc7115920cb3d','计算机类','计算机类1604','','',0,'','学生',0,0,'计算机科学与技术学院'),(862,'161310412','方宇','e75ac34cbebc332aea9827b21bdc3bbd','计算机类','计算机类1604','','',0,'','学生',0,0,'计算机科学与技术学院'),(863,'161310413','梁钰林','48a42c652460df881130853963160d14','计算机类','计算机类1604','','',0,'','学生',0,0,'计算机科学与技术学院'),(864,'161310414','马希磊','197651bf88c72b993bb59e224b4a49ed','计算机类','计算机类1604','','',0,'','学生',0,0,'计算机科学与技术学院'),(865,'161310415','刘峻奇','ca3d35649b9f4aa32bde82b04de3c2d6','计算机类','计算机类1604','','',0,'','学生',0,0,'计算机科学与技术学院'),(866,'161310416','李豫沛','a4aad4bb44b9b85a39553d2826c8ee45','计算机类','计算机类1604','','',0,'','学生',0,0,'计算机科学与技术学院'),(867,'161310417','王博','e9b7f3768964b43a1e63ee832642fc82','计算机类','计算机类1604','','',0,'','学生',0,0,'计算机科学与技术学院'),(868,'161310418','朱佚凡','f496c242cad5c21abd74cced269cec58','计算机类','计算机类1604','','',0,'','学生',0,0,'计算机科学与技术学院'),(869,'161310421','郜爽','a73b6d2ae1b8433dcd874d97a4eb3403','计算机类','计算机类1604','','',0,'','学生',0,0,'计算机科学与技术学院'),(870,'161310422','李壮子','180f9e0c62a55f754e8b9eac3e7680e8','计算机类','计算机类1604','','',0,'','学生',0,0,'计算机科学与技术学院'),(871,'161310423','韦世晨','58155fbb47b901b003ddb77722503683','计算机类','计算机类1604','','',0,'','学生',0,0,'计算机科学与技术学院'),(872,'161310424','文浩然','00d96e06e03781e21bde7fc1eda4e0f3','计算机类','计算机类1604','','',0,'','学生',0,0,'计算机科学与技术学院'),(873,'161310425','李雨宸','b65cf468c3921fa367417454a156a73a','计算机类','计算机类1604','','',0,'','学生',0,0,'计算机科学与技术学院'),(874,'161310426','李朋飞','bbc8ac7fdf7e1d440b019439772d205a','计算机类','计算机类1604','','',0,'','学生',0,0,'计算机科学与技术学院'),(875,'161310427','巴桑次仁','98e10c53f070a812131439660aabc959','计算机类','计算机类1604','','',0,'','学生',0,0,'计算机科学与技术学院'),(876,'161310501','张寒阳','6d326ddde8a1c5b8d5cfd3a1aecadcec','计算机类','计算机类1605','','',0,'','学生',0,0,'计算机科学与技术学院'),(877,'161310502','程媛','3cffa5b6ae321d109d4feba8df01b1fe','计算机类','计算机类1605','','',0,'','学生',0,0,'计算机科学与技术学院'),(878,'161310503','乔帆','37ef5048d7c649d02aa71591ea146bef','计算机类','计算机类1605','','',0,'','学生',0,0,'计算机科学与技术学院'),(879,'161310505','牛童','119e34db9dc7dce11ce5eaf7f9f63b19','计算机类','计算机类1605','','',0,'','学生',0,0,'计算机科学与技术学院'),(880,'161310506','程渝宏','74b02fc3a690e3e9145047e5e0b332bd','计算机类','计算机类1605','','',0,'','学生',0,0,'计算机科学与技术学院'),(881,'161310507','马骁','3f1390678682630cd3a328e02ec833ad','计算机类','计算机类1605','','',0,'','学生',0,0,'计算机科学与技术学院'),(882,'161310509','蔡奕杰','8b90f24b5a589af9871074325af17f3d','计算机类','计算机类1605','','',0,'','学生',0,0,'计算机科学与技术学院'),(883,'161310510','王晖','d5de1756791d245fb1ceb6884561b5df','计算机类','计算机类1605','','',0,'','学生',0,0,'计算机科学与技术学院'),(884,'161310511','林翔','d6eaa5de14dfb4af01b44a761801b250','计算机类','计算机类1605','','',0,'','学生',0,0,'计算机科学与技术学院'),(885,'161310512','黄鹏飞','d773ea46c2beeb5dc8bc296c23b0c955','计算机类','计算机类1605','','',0,'','学生',0,0,'计算机科学与技术学院'),(886,'161310513','苏康辉','3d498ddbc856b0be73736bf60f9d3c4f','计算机类','计算机类1605','','',0,'','学生',0,0,'计算机科学与技术学院'),(887,'161310514','钱学泽','718d3b0fc3677babaf0e3c5e0ea6f7d4','计算机类','计算机类1605','','',0,'','学生',0,0,'计算机科学与技术学院'),(888,'161310515','秦宇昕','13de4e4854ed7f903213c1a8ba9deab0','计算机类','计算机类1605','','',0,'','学生',0,0,'计算机科学与技术学院'),(889,'161310516','陆锋','479928137fbb1963c34361de6c1d4902','计算机类','计算机类1605','','',0,'','学生',0,0,'计算机科学与技术学院'),(890,'161310517','王志远','140d8ffc5ed54090d610ac121cd99cc2','计算机类','计算机类1605','','',0,'','学生',0,0,'计算机科学与技术学院'),(891,'161310518','查剑宏','7ac39a73fa6141f25b3ad0d417c3fbc3','计算机类','计算机类1605','','',0,'','学生',0,0,'计算机科学与技术学院'),(892,'161310520','董震恒','fe88413d0be2467af548cc04ca19aa6c','计算机类','计算机类1605','','',0,'','学生',0,0,'计算机科学与技术学院'),(893,'161310521','郭浩浩','809c78bb5c455828e088f247348bf80e','计算机类','计算机类1605','','',0,'','学生',0,0,'计算机科学与技术学院'),(894,'161310522','王瑞林','531eb8292ced9e13b22bf9c1d68566be','计算机类','计算机类1605','','',0,'','学生',0,0,'计算机科学与技术学院'),(895,'161310523','李鹏书','d7c720d3f40093c15079e8905cea3364','计算机类','计算机类1605','','',0,'','学生',0,0,'计算机科学与技术学院'),(896,'161310524','海亚','e3ac93f1018b260ff050b9713ad2ae7f','计算机类','计算机类1605','','',0,'','学生',0,0,'计算机科学与技术学院'),(897,'161310525','李岳忠','68bf8b803d788ca3149ee9ebaf2ee079','计算机类','计算机类1605','','',0,'','学生',0,0,'计算机科学与技术学院'),(898,'161310526','宋利云','f253504a613201da56bcf7704a4f273d','计算机类','计算机类1605','','',0,'','学生',0,0,'计算机科学与技术学院'),(899,'161310527','云丹','bf388b76c019986aa6e4e4c61ce583c2','计算机类','计算机类1605','','',0,'','学生',0,0,'计算机科学与技术学院'),(900,'161310601','张鑫玉','4035e39e084d7456e96298a0b8632e32','计算机类','计算机类1606','','',0,'','学生',0,0,'计算机科学与技术学院'),(901,'161310602','王涵娴','61e4866008e39afeb47fbe4599bbc085','计算机类','计算机类1606','','',0,'','学生',0,0,'计算机科学与技术学院'),(902,'161310603','孙睿','e121ba9e95b4cc2ea798399ebb18764d','计算机类','计算机类1606','','',0,'','学生',0,0,'计算机科学与技术学院'),(903,'161310604','吴丽丽','cd3d92a55ba4d06f353d1ea4873e7b37','计算机类','计算机类1606','','',0,'','学生',0,0,'计算机科学与技术学院'),(904,'161310606','古铱维','83b0ff4ce643a2e29278c595c8c13e52','计算机类','计算机类1606','','',0,'','学生',0,0,'计算机科学与技术学院'),(905,'161310608','阿米乃木·吐合提买提','1da598b4977127073b915faad74cea6f','计算机类','计算机类1606','','',0,'','学生',0,0,'计算机科学与技术学院'),(906,'161310609','陈安童','a36b69f3008bc07e487700eb7f25be6e','计算机类','计算机类1606','','',0,'','学生',0,0,'计算机科学与技术学院'),(907,'161310610','王仁涛','61b4a49207bc0c84ae047dad81b77b2b','计算机类','计算机类1606','','',0,'','学生',0,0,'计算机科学与技术学院'),(908,'161310611','毛志斌','04de8953db916aee5871f338ba893e78','计算机类','计算机类1606','','',0,'','学生',0,0,'计算机科学与技术学院'),(909,'161310612','谢俊杰','fd20a2f25b915b98098ba940dc8d582b','计算机类','计算机类1606','','',0,'','学生',0,0,'计算机科学与技术学院'),(910,'161310613','覃世柳','b2a7eaaf63cbaa08596b20e1a4e96d4f','计算机类','计算机类1606','','',0,'','学生',0,0,'计算机科学与技术学院'),(911,'161310614','张纪跃','d6dffcdd612fa977f2ad547f405480b4','计算机类','计算机类1606','','',0,'','学生',0,0,'计算机科学与技术学院'),(912,'161310615','谭浩然','0e4d9568fcfc32e385c192f72ef3ec21','计算机类','计算机类1606','','',0,'','学生',0,0,'计算机科学与技术学院'),(913,'161310616','任奕宇','9cc3fbefa56cc4868971fd059f27edf6','计算机类','计算机类1606','','',0,'','学生',0,0,'计算机科学与技术学院'),(914,'161310617','武至境','84124db0647807f48fbfe9086db0a2b2','计算机类','计算机类1606','','',0,'','学生',0,0,'计算机科学与技术学院'),(915,'161310618','陈新','e1dba4ca159b1c81b934bda0c8f29f60','计算机类','计算机类1606','','',0,'','学生',0,0,'计算机科学与技术学院'),(916,'161310619','韩伟','4f98d86f6843896d8853484848ba3ed8','计算机类','计算机类1606','','',0,'','学生',0,0,'计算机科学与技术学院'),(917,'161310620','傅雪原','51788c1fa4a960ada485c1dac7ce2cfc','计算机类','计算机类1606','','',0,'','学生',0,0,'计算机科学与技术学院'),(918,'161310622','翟峰','fafb404c8cf40135f2a8c917e7bad3b7','计算机类','计算机类1606','','',0,'','学生',0,0,'计算机科学与技术学院'),(919,'161310623','唐翊峰','6b00b10ed1c58bd9ad4c74b475707605','计算机类','计算机类1606','','',0,'','学生',0,0,'计算机科学与技术学院'),(920,'161310624','何志颖','9c589ba7e265eed1c65e8bc44b9e3e4f','计算机类','计算机类1606','','',0,'','学生',0,0,'计算机科学与技术学院'),(921,'161310625','刘青林','48cc05eb063cf504591a0221dfabc15a','计算机类','计算机类1606','','',0,'','学生',0,0,'计算机科学与技术学院'),(922,'161310626','李俊毅','3f86046dcd7a31c6be87bfc25064bad3','计算机类','计算机类1606','','',0,'','学生',0,0,'计算机科学与技术学院'),(923,'161310627','陆汪天宇','6f600a0dac5e043770f86491f476653b','计算机类','计算机类1606','','',0,'','学生',0,0,'计算机科学与技术学院'),(924,'161310702','叶少萍','b0a58f606333e6cbcee17475ffe79ec2','计算机类','计算机类1607','','',0,'','学生',0,0,'计算机科学与技术学院'),(925,'161310703','李恩宙','6d3c19cfd7af518750e63e6f40046cca','计算机类','计算机类1607','','',0,'','学生',0,0,'计算机科学与技术学院'),(926,'161310705','于倩文','319ffc8cf25cae581ee12b5feb050798','计算机类','计算机类1607','','',0,'','学生',0,0,'计算机科学与技术学院'),(927,'161310706','张莉萍','42b5164c8f2dc0d08d056ac3e0437f5d','计算机类','计算机类1607','','',0,'','学生',0,0,'计算机科学与技术学院'),(928,'161310707','韩耀霖','3d15c040319b36deada265bbf5ecdb3a','计算机类','计算机类1607','','',0,'','学生',0,0,'计算机科学与技术学院'),(929,'161310708','德吉央宗','79ec81171d8fbdc78b988b001d5aab01','计算机类','计算机类1607','','',0,'','学生',0,0,'计算机科学与技术学院'),(930,'161310710','赵弘缙','7223b151ed4c07542464f354dafdb825','计算机类','计算机类1607','','',0,'','学生',0,0,'计算机科学与技术学院'),(931,'161310711','舒章磊','264c6e1591624d9309a1349d5b98ee53','计算机类','计算机类1607','','',0,'','学生',0,0,'计算机科学与技术学院'),(932,'161310712','胡越昌','e51ad0446fe3deeb4c4169375d2f9ff4','计算机类','计算机类1607','','',0,'','学生',0,0,'计算机科学与技术学院'),(933,'161310713','唐广标','fd509f5b66794f9832ba616b3a3e862b','计算机类','计算机类1607','','',0,'','学生',0,0,'计算机科学与技术学院'),(934,'161310714','朱晓铭','114a8699b51670167f5811d3a4075982','计算机类','计算机类1607','','',0,'','学生',0,0,'计算机科学与技术学院'),(935,'161310715','杨天罡','bf94addd80c6df47915d06ced338f178','计算机类','计算机类1607','','',0,'','学生',0,0,'计算机科学与技术学院'),(936,'161310716','施杰','63ed16c7d230b13270303084039a9bdf','计算机类','计算机类1607','','',0,'','学生',0,0,'计算机科学与技术学院'),(937,'161310717','张鸿铭','cf5f10bb9298564c0cf72b2866484cc0','计算机类','计算机类1607','','',0,'','学生',0,0,'计算机科学与技术学院'),(938,'161310718','李纪奇','6957d75947a352ec753931ca446eb57b','计算机类','计算机类1607','','',0,'','学生',0,0,'计算机科学与技术学院'),(939,'161310719','柯文涛','2f011e618a3378ac877e67e9bee32d64','计算机类','计算机类1607','','',0,'','学生',0,0,'计算机科学与技术学院'),(940,'161310720','牟润泉','95b31feeace595feb11eef48e1af5e63','计算机类','计算机类1607','','',0,'','学生',0,0,'计算机科学与技术学院'),(941,'161310722','何致成','251bb08dda275237f48c48ed58030cbd','计算机类','计算机类1607','','',0,'','学生',0,0,'计算机科学与技术学院'),(942,'161310723','向建平','b7d6b79c19734a287170f37e6cd074c3','计算机类','计算机类1607','','',0,'','学生',0,0,'计算机科学与技术学院'),(943,'161310724','迟祖恩','39d43d54112e3307a94113ab08f382be','计算机类','计算机类1607','','',0,'','学生',0,0,'计算机科学与技术学院'),(944,'161310725','苏琦','d4720ed8412984044cc51b74f59d80d0','计算机类','计算机类1607','','',0,'','学生',0,0,'计算机科学与技术学院'),(945,'161310727','苏耀斌','554cc0e7e459c53b0bfd6b82aa66d210','计算机类','计算机类1607','','',0,'','学生',0,0,'计算机科学与技术学院'),(946,'150950128','叶嘉豪','cd4a0c922b553a31ca36ecf2365db4fc','计算机科学与技术','计算机1501','','',0,'','学生',0,0,'计算机科学与技术学院'),(947,'151140119','顾浩维','845a2450924da18b42d76b89c22c7ebc','计算机科学与技术','计算机1501','','',0,'','学生',0,0,'计算机科学与技术学院'),(948,'151310101','符亚玲','2b38634be506d8686a355423d5b0edb0','计算机科学与技术','计算机1501','','',0,'','学生',0,0,'计算机科学与技术学院'),(949,'151310102','马芬怡','77457df16bd45630b158d4ce470b81f2','计算机科学与技术','计算机1501','','',0,'','学生',0,0,'计算机科学与技术学院'),(950,'151310103','周紫怡','3dc43ef227ce64856ec2f14cf2846599','计算机科学与技术','计算机1501','','',0,'','学生',0,0,'计算机科学与技术学院'),(951,'151310104','冯若男','68381919e481a84e653e5c2708247c72','计算机科学与技术','计算机1501','','',0,'','学生',0,0,'计算机科学与技术学院'),(952,'151310105','程露莎','fb7e1161f6f664f8f5f6b28a2508d4ad','计算机科学与技术','计算机1501','','',0,'','学生',0,0,'计算机科学与技术学院'),(953,'151310106','戴之阳','f8a04f514e1de301fdfab017f3fa3ba9','计算机科学与技术','计算机1501','','',0,'','学生',0,0,'计算机科学与技术学院'),(954,'151310107','叶强','f4e1a6c0ac68953137ab13f9846fc6e5','计算机科学与技术','计算机1501','','',0,'','学生',0,0,'计算机科学与技术学院'),(955,'151310108','谢泽宇','befb4466fdb84ea14e07b1bb19894ed3','计算机科学与技术','计算机1501','','',0,'','学生',0,0,'计算机科学与技术学院'),(956,'151310109','文孔召','4380f5e046a21ea1de084ab9d3798cd9','计算机科学与技术','计算机1501','','',0,'','学生',0,0,'计算机科学与技术学院'),(957,'151310110','申雪岩','da4adc1e966b32ba11e19fe1796873c9','计算机科学与技术','计算机1501','','',0,'','学生',0,0,'计算机科学与技术学院'),(958,'151310111','柯圣智','aad2ecdf91ad4050fc1b22ab62e79aad','计算机科学与技术','计算机1501','','',0,'','学生',0,0,'计算机科学与技术学院'),(959,'151310112','张学博','b7a889da09f1d4ea86537c66b61366ab','计算机科学与技术','计算机1501','','',0,'','学生',0,0,'计算机科学与技术学院'),(960,'151310113','张军','4e09d47b29f7c960b51e969b318fb92b','计算机科学与技术','计算机1501','','',0,'','学生',0,0,'计算机科学与技术学院'),(961,'151310114','崔炎杰','246104a6aac798e1c4717556eb0c20ae','计算机科学与技术','计算机1501','','',0,'','学生',0,0,'计算机科学与技术学院'),(962,'151310115','王伟伟','ef251000fa41daae76c5012fb0a52c4c','计算机科学与技术','计算机1501','','',0,'','学生',0,0,'计算机科学与技术学院'),(963,'151310116','雷哲笠','acd2bc24a8e64c4e71411d0f9927fa21','计算机科学与技术','计算机1501','','',0,'','学生',0,0,'计算机科学与技术学院'),(964,'151310117','简天翔','341c76f16269b4eb74a3bfc3e00e2648','计算机科学与技术','计算机1501','','',0,'','学生',0,0,'计算机科学与技术学院'),(965,'151310118','刘恒峰','980273f888674656bd77d60faffa2034','计算机科学与技术','计算机1501','','',0,'','学生',0,0,'计算机科学与技术学院'),(966,'151310119','王罗晨','f490152fee90438497324e083289febc','计算机科学与技术','计算机1501','','',0,'','学生',0,0,'计算机科学与技术学院'),(967,'151310120','张弢','204f953c8d57ba8c1de8a0d42fb59c81','计算机科学与技术','计算机1501','','',0,'','学生',0,0,'计算机科学与技术学院'),(968,'151310121','尚子博','ee9f0e1019b4c3fb62dda76d6100f4a9','计算机科学与技术','计算机1501','','',0,'','学生',0,0,'计算机科学与技术学院'),(969,'151310122','嘎玛曲加','0478dda27d248a7319a38d7ee5b8f0a4','计算机科学与技术','计算机1501','','',0,'','学生',0,0,'计算机科学与技术学院'),(970,'151310123','敏晋','77cbc4d397048cb760e65ac5116cc98f','计算机科学与技术','计算机1501','','',0,'','学生',0,0,'计算机科学与技术学院'),(971,'151310124','蔡天培','652e00e93c612b8544343405cf645484','计算机科学与技术','计算机1501','','',0,'','学生',0,0,'计算机科学与技术学院'),(972,'151310125','潘豪','bc9e748b9c96c782d61d65955c00d27a','计算机科学与技术','计算机1501','','',0,'','学生',0,0,'计算机科学与技术学院'),(973,'141310218','姜威','6de4c74f8cbdcba944f9e97ec629f589','计算机科学与技术','计算机1502','','',0,'','学生',0,0,'计算机科学与技术学院'),(974,'151140202','杨梦玮','b72879ccab41eda0727526b6543c9b42','计算机科学与技术','计算机1502','','',0,'','学生',0,0,'计算机科学与技术学院'),(975,'151310201','李婷','0221a343656a07cf695314b810dc7908','计算机科学与技术','计算机1502','','',0,'','学生',0,0,'计算机科学与技术学院'),(976,'151310202','郭倩倩','055d6f2ae55c1ca62ff4a1db032a1abd','计算机科学与技术','计算机1502','','',0,'','学生',0,0,'计算机科学与技术学院'),(977,'151310203','邓佳颖','735bf33beb57ab41e77911561b42a1eb','计算机科学与技术','计算机1502','','',0,'','学生',0,0,'计算机科学与技术学院'),(978,'151310204','周蜜','b2bf24dff2722f86044b1efc3a5bb423','计算机科学与技术','计算机1502','','',0,'','学生',0,0,'计算机科学与技术学院'),(979,'151310205','朱明清','68e4fd0bdb163d7821c45321c55ca7c2','计算机科学与技术','计算机1502','','',0,'','学生',0,0,'计算机科学与技术学院'),(980,'151310206','陈锦雄','67c016d23d20fe80f8cecdfdb9dd7f8a','计算机科学与技术','计算机1502','','',0,'','学生',0,0,'计算机科学与技术学院'),(981,'151310207','李绍康','82f4d0587624a50a04fc02e0cd71032d','计算机科学与技术','计算机1502','','',0,'','学生',0,0,'计算机科学与技术学院'),(982,'151310208','江锐健','f0075b776861ae14a3e259b2682f2f17','计算机科学与技术','计算机1502','','',0,'','学生',0,0,'计算机科学与技术学院'),(983,'151310209','陈烨','79a312e42f6e53c2759562baaf9cd913','计算机科学与技术','计算机1502','','',0,'','学生',0,0,'计算机科学与技术学院'),(984,'151310210','程巍','4aef0dcb01cc5ce0b4baaf5b7d245cb2','计算机科学与技术','计算机1502','','',0,'','学生',0,0,'计算机科学与技术学院'),(985,'151310211','陈鑫','b49c84f6e4498fc4132555ca6a5eaef3','计算机科学与技术','计算机1502','','',0,'','学生',0,0,'计算机科学与技术学院'),(986,'151310212','黄瑞','a2242c355d74a5a461f9751779dd3d66','计算机科学与技术','计算机1502','','',0,'','学生',0,0,'计算机科学与技术学院'),(987,'151310213','张斯禹','7405e95f42f99389db97a18976f8918d','计算机科学与技术','计算机1502','','',0,'','学生',0,0,'计算机科学与技术学院'),(988,'151310214','邢昊桐','f3ae52547ace5bfd60679294d0ae7dc7','计算机科学与技术','计算机1502','','',0,'','学生',0,0,'计算机科学与技术学院'),(989,'151310215','张云玮','701c051dbbfb5f6a898aa2908a473762','计算机科学与技术','计算机1502','','',0,'','学生',0,0,'计算机科学与技术学院'),(990,'151310216','顾晓俊','06a704583f8e4dd94ce081d24cf57247','计算机科学与技术','计算机1502','','',0,'','学生',0,0,'计算机科学与技术学院'),(991,'151310217','李俊豪','ffb6bd013475f429f3f56c139f04fcef','计算机科学与技术','计算机1502','','',0,'','学生',0,0,'计算机科学与技术学院'),(992,'151310218','缪嘉葳','adc32ad406afcf9f02c907d0b54632fb','计算机科学与技术','计算机1502','','',0,'','学生',0,0,'计算机科学与技术学院'),(993,'151310219','许海晨','da99066de3bb6088f07b9b561da623c8','计算机科学与技术','计算机1502','','',0,'','学生',0,0,'计算机科学与技术学院'),(994,'151310220','彭宇珂','a319986fea08f439169f6f751478508a','计算机科学与技术','计算机1502','','',0,'','学生',0,0,'计算机科学与技术学院'),(995,'151310221','闫涵','5573eeeabf5a0d1ad21063b2e3e755ac','计算机科学与技术','计算机1502','','',0,'','学生',0,0,'计算机科学与技术学院'),(996,'151310222','尼玛桑珠','af2134747e2cc963b8f471e05a7046af','计算机科学与技术','计算机1502','','',0,'','学生',0,0,'计算机科学与技术学院'),(997,'151310223','徐家磊','a674961d17c5f9c2ce03a948b761474b','计算机科学与技术','计算机1502','','',0,'','学生',0,0,'计算机科学与技术学院'),(998,'151310224','臧铭洲','950480f283df14feb22e02d502b8785f','计算机科学与技术','计算机1502','','',0,'','学生',0,0,'计算机科学与技术学院'),(999,'151330101','侯莹莹','c358905742e092f1228dc2849069bddc','网络工程','卓越网络1501','','',0,'','学生',0,0,'计算机科学与技术学院'),(1000,'151330102','朱玉倩','b18d282c1ebbc05f8d014485b1004a7c','网络工程','卓越网络1501','','',0,'','学生',0,0,'计算机科学与技术学院'),(1001,'151330103','刘洁轩','dadb507c69a817265fe24a3f8f450b78','网络工程','卓越网络1501','','',0,'','学生',0,0,'计算机科学与技术学院'),(1002,'151330104','沈悦','87da0725a097d1d759115031f52a7705','网络工程','卓越网络1501','','',0,'','学生',0,0,'计算机科学与技术学院'),(1003,'151330105','马广阳','40bd17cfeec652ece068f5a4b9f587a9','网络工程','卓越网络1501','','',0,'','学生',0,0,'计算机科学与技术学院'),(1004,'151330106','王晨曦','3763974e980b2f2a5a5bd375be71ffa2','网络工程','卓越网络1501','','',0,'','学生',0,0,'计算机科学与技术学院'),(1005,'151330107','王梓煜','d7596dc80015284902b1f7e6437a0e82','网络工程','卓越网络1501','','',0,'','学生',0,0,'计算机科学与技术学院'),(1006,'151330108','吴恩平','1ec7d0f06ea30164a10fa46154c26f9c','网络工程','卓越网络1501','','',0,'','学生',0,0,'计算机科学与技术学院'),(1007,'151330109','孟兆昕','1f8b72a6102eb586017d5e86f7ac972d','网络工程','卓越网络1501','','',0,'','学生',0,0,'计算机科学与技术学院'),(1008,'151330110','王胜志','07b8a0687382c1bb0e97e963d8665b9d','网络工程','卓越网络1501','','',0,'','学生',0,0,'计算机科学与技术学院'),(1009,'151330111','李曾贤','453a1265657cd1d74e20dc6a79ae687a','网络工程','卓越网络1501','','',0,'','学生',0,0,'计算机科学与技术学院'),(1010,'151330112','李蓍城','f02b43d15a79435001220aa0ce9b7bd8','网络工程','卓越网络1501','','',0,'','学生',0,0,'计算机科学与技术学院'),(1011,'151330113','李文博','4c89daa442a53d88657e253d85e140ff','网络工程','卓越网络1501','','',0,'','学生',0,0,'计算机科学与技术学院'),(1012,'151330114','郭添卿','e42651e5e9baae46ae7908a36526991e','网络工程','卓越网络1501','','',0,'','学生',0,0,'计算机科学与技术学院'),(1013,'151330115','李琪轩','87994bcc9ff37ff59647684106e33fd2','网络工程','卓越网络1501','','',0,'','学生',0,0,'计算机科学与技术学院'),(1014,'151330116','张帅','5185d5e88d1409802700c4ee0b2db550','网络工程','卓越网络1501','','',0,'','学生',0,0,'计算机科学与技术学院'),(1015,'151330117','范雄翔','41b036af0dd2b16a6036694b6c9f0d2d','网络工程','卓越网络1501','','',0,'','学生',0,0,'计算机科学与技术学院'),(1016,'151330118','朱瑞杰','d10276433db4149758f37f11b633424f','网络工程','卓越网络1501','','',0,'','学生',0,0,'计算机科学与技术学院'),(1017,'151330119','汤云龙','8d45119ca7de57c437a84a0da834c1d8','网络工程','卓越网络1501','','',0,'','学生',0,0,'计算机科学与技术学院'),(1018,'151330120','朱原平','612170bacdf077e39e873912844b94fb','网络工程','卓越网络1501','','',0,'','学生',0,0,'计算机科学与技术学院'),(1019,'151330121','王琦涵','4bc950eada0e87cca67d5f092c6ade47','网络工程','卓越网络1501','','',0,'','学生',0,0,'计算机科学与技术学院'),(1020,'151330122','杨博','1c053faf019453834b8c1567c7cdd649','网络工程','卓越网络1501','','',0,'','学生',0,0,'计算机科学与技术学院'),(1021,'151330123','范志豪','cce006776b0f7d395b06df22cfd3e7bb','网络工程','卓越网络1501','','',0,'','学生',0,0,'计算机科学与技术学院'),(1022,'151330124','梁达豪','f489209a6f87a20c3d7f6e9051097346','网络工程','卓越网络1501','','',0,'','学生',0,0,'计算机科学与技术学院'),(1023,'151330125','山璐旻','b6a959efd314d6438d9dec5f632024ba','网络工程','卓越网络1501','','',0,'','学生',0,0,'计算机科学与技术学院'),(1024,'151330126','沈凌惟','3f681b68b094ace7288fbfe17ee9d2d2','网络工程','卓越网络1501','','',0,'','学生',0,0,'计算机科学与技术学院'),(1025,'151330127','张思粤','cfebba94a06d6ca444fcb7248daca1de','网络工程','卓越网络1501','','',0,'','学生',0,0,'计算机科学与技术学院'),(1026,'151330128','王沥','aec229b79a9f719e8beccfb859bbfe6c','网络工程','卓越网络1501','','',0,'','学生',0,0,'计算机科学与技术学院'),(1027,'151330129','许政伟','de61bc9062b4cc0bbbce58559c9e0ea2','网络工程','卓越网络1501','','',0,'','学生',0,0,'计算机科学与技术学院'),(1028,'150950113','杨丽萦','d164380ff5e98cb8d54350c4b741ac79','软件工程','卓越软件1501','','',0,'','学生',0,0,'计算机科学与技术学院'),(1029,'150950136','左志鹏','eebf7a3682453c39ebe6d0f065b5a6c0','软件工程','卓越软件1501','','',0,'','学生',0,0,'计算机科学与技术学院'),(1030,'151320101','刘颖','14463721eb92d6330d961bd3ccc783b1','软件工程','卓越软件1501','','',0,'','学生',0,0,'计算机科学与技术学院'),(1031,'151320102','刘秋雅','2a2b1406f4772eb21403b6e9ef2a925c','软件工程','卓越软件1501','','',0,'','学生',0,0,'计算机科学与技术学院'),(1032,'151320103','曾庆鑫','7e8dfa780c347408d821771a249dd472','软件工程','卓越软件1501','','',0,'','学生',0,0,'计算机科学与技术学院'),(1033,'151320104','常兴月','cbd8a1476c92a583f305d88c7ce5883b','软件工程','卓越软件1501','','',0,'','学生',0,0,'计算机科学与技术学院'),(1034,'151320105','赵腾腾','ed40d87b1ae93828f7b1a672ce8b5d6b','软件工程','卓越软件1501','','',0,'','学生',0,0,'计算机科学与技术学院'),(1035,'151320106','白央','a3e2e515024360e026262038a4b9cd27','软件工程','卓越软件1501','','',0,'','学生',0,0,'计算机科学与技术学院'),(1036,'151320107','李琳','0c559470ee87984be404d37c97cb7f24','软件工程','卓越软件1501','','',0,'','学生',0,0,'计算机科学与技术学院'),(1037,'151320108','伍强生','acc5a66684f0cd131b8c7079f6af06e7','软件工程','卓越软件1501','','',0,'','学生',0,0,'计算机科学与技术学院'),(1038,'151320109','许晨猷','1d09d8fa4e35919e76fb2c8cb5287f7d','软件工程','卓越软件1501','','',0,'','学生',0,0,'计算机科学与技术学院'),(1039,'151320110','闫文翰','02db588ed062d2a851fd8f188066a628','软件工程','卓越软件1501','','',0,'','学生',0,0,'计算机科学与技术学院'),(1040,'151320111','何陈臻喆','408b32105daeee738d40f460b159662d','软件工程','卓越软件1501','','',0,'','学生',0,0,'计算机科学与技术学院'),(1041,'151320112','张兴','227cce4e9cd87d786322ecdca026bd05','软件工程','卓越软件1501','','',0,'','学生',0,0,'计算机科学与技术学院'),(1042,'151320113','朱辰源','d8abf14eee19e281d056834015d68d6d','软件工程','卓越软件1501','','',0,'','学生',0,0,'计算机科学与技术学院'),(1043,'151320114','李芳时','4b60c16ae55d3d1ff591a2c40761e179','软件工程','卓越软件1501','','',0,'','学生',0,0,'计算机科学与技术学院'),(1044,'151320115','黄志强','f806ed0abb8ddc2fe003f2180e829d6f','软件工程','卓越软件1501','','',0,'','学生',0,0,'计算机科学与技术学院'),(1045,'151320116','任方成','a5bf1cbe73e7a07b5b9d3f5f3b65f71d','软件工程','卓越软件1501','','',0,'','学生',0,0,'计算机科学与技术学院'),(1046,'151320117','王琪','7a5e0a9344b62754e66efc94bdc58ff2','软件工程','卓越软件1501','','',0,'','学生',0,0,'计算机科学与技术学院'),(1047,'151320118','张知雷','f3c2674e290ca932fa92b956b0ce0178','软件工程','卓越软件1501','','',0,'','学生',0,0,'计算机科学与技术学院'),(1048,'151320119','倪港杰','572fd774369e3529bc250310efb1b9d3','软件工程','卓越软件1501','','',0,'','学生',0,0,'计算机科学与技术学院'),(1049,'151320120','白曌','b0a0a8a4a5a70f2072b47a832a57450a','软件工程','卓越软件1501','','',0,'','学生',0,0,'计算机科学与技术学院'),(1050,'151320121','丛灿','e2d02d255af627ea1a79a53d759d6221','软件工程','卓越软件1501','','',0,'','学生',0,0,'计算机科学与技术学院'),(1051,'151320122','元奕超','59f0f033e41d9cb49446ad1e6b844e58','软件工程','卓越软件1501','','',0,'','学生',0,0,'计算机科学与技术学院'),(1052,'151320123','刘思远','83ba3d108f586a900f3a4e6205e5c0d8','软件工程','卓越软件1501','','',0,'','学生',0,0,'计算机科学与技术学院'),(1053,'151320124','陆旻洋','e7feac61ac37e8cbbf4b193259c677ce','软件工程','卓越软件1501','','',0,'','学生',0,0,'计算机科学与技术学院'),(1054,'151320125','夏晔川','43e82de217b35907b9955a500cbf66f6','软件工程','卓越软件1501','','',0,'','学生',0,0,'计算机科学与技术学院'),(1055,'151320126','朱亦可','16e90289e856e54a818b7ae1ee225a1b','软件工程','卓越软件1501','','',0,'','学生',0,0,'计算机科学与技术学院'),(1056,'151320127','李林殊','e8c6930bd0a9e3b09c140067ef755fff','软件工程','卓越软件1501','','',0,'','学生',0,0,'计算机科学与技术学院'),(1057,'151320128','关天博','3258345e8bd3ee106cc616c0f7b014dc','软件工程','卓越软件1501','','',0,'','学生',0,0,'计算机科学与技术学院'),(1058,'151320129','','4ab8ff091db0ed1947bb2007b0eaf0b8','软件工程','卓越软件1501','','',0,'','学生',0,0,'计算机科学与技术学院'),(1059,'151320130','郑欣','0f58605fdaad5c6c0e6970657bcadaa4','软件工程','卓越软件1501','','',0,'','学生',0,0,'计算机科学与技术学院'),(1060,'151320131','吕扬国','aed5cec9e3e36ae5cbd4b0116c01c48d','软件工程','卓越软件1501','','',0,'','学生',0,0,'计算机科学与技术学院'),(1061,'150950141','李子安','93bf644f38099f060e27d24d8dabf22d','软件工程','卓越软件1502','','',0,'','学生',0,0,'计算机科学与技术学院'),(1062,'151140225','张鸿宇','99cda84097c0f31b965fb21a3abf87a1','软件工程','卓越软件1502','','',0,'','学生',0,0,'计算机科学与技术学院'),(1063,'151320201','张淑玲','4710f40e22fbfb882c81ce8bb689a23c','软件工程','卓越软件1502','','',0,'','学生',0,0,'计算机科学与技术学院'),(1064,'151320202','马慧铭','07beed72381454f666d93f07d6f47a38','软件工程','卓越软件1502','','',0,'','学生',0,0,'计算机科学与技术学院'),(1065,'151320204','付小梅','0038ecf7a2d14a352fd07d85889765e6','软件工程','卓越软件1502','','',0,'','学生',0,0,'计算机科学与技术学院'),(1066,'151320205','次仁旺姆','7027503872bfb845e58b354f02e3acf8','软件工程','卓越软件1502','','',0,'','学生',0,0,'计算机科学与技术学院'),(1067,'151320206','杨梦媛','2d06c24afef55f27c8f6704e5d9ca97a','软件工程','卓越软件1502','','',0,'','学生',0,0,'计算机科学与技术学院'),(1068,'151320207','何张','a0c5bacea150ac954c9ffd603a040277','软件工程','卓越软件1502','','',0,'','学生',0,0,'计算机科学与技术学院'),(1069,'151320208','李志谦','329c837ac08e9b028ad78915e2c0d350','软件工程','卓越软件1502','','',0,'','学生',0,0,'计算机科学与技术学院'),(1070,'151320209','薛文超','3fdb88796b261f39020f2a2cc82c7c34','软件工程','卓越软件1502','','',0,'','学生',0,0,'计算机科学与技术学院'),(1071,'151320210','邓执','60c45e380a6a926210738f20381e5423','软件工程','卓越软件1502','','',0,'','学生',0,0,'计算机科学与技术学院'),(1072,'151320211','李伟','0b10b2b08d1a8a7eb4ee693fd9967a89','软件工程','卓越软件1502','','',0,'','学生',0,0,'计算机科学与技术学院'),(1073,'151320212','李斌','426e195f87add93ba7bcfe439c9b1dd4','软件工程','卓越软件1502','','',0,'','学生',0,0,'计算机科学与技术学院'),(1074,'151320213','马孜翀','64c82996b27e8667aa97f762118a801f','软件工程','卓越软件1502','','',0,'','学生',0,0,'计算机科学与技术学院'),(1075,'151320214','吴新宇','1b821a02ffdc9e25f201413982cf89a1','软件工程','卓越软件1502','','',0,'','学生',0,0,'计算机科学与技术学院'),(1076,'151320215','江锦瑞','3291506e99c1bce6b3b65b88ec27338b','软件工程','卓越软件1502','','',0,'','学生',0,0,'计算机科学与技术学院'),(1077,'151320216','许纬林','b9d584b9d1b7f0398609f4c5a6aa3c50','软件工程','卓越软件1502','','',0,'','学生',0,0,'计算机科学与技术学院'),(1078,'151320217','张启栋','f3c9ba2901642e6589da8a4a37a4d5c9','软件工程','卓越软件1502','','',0,'','学生',0,0,'计算机科学与技术学院'),(1079,'151320218','毕磊','bd96121805381ba650b5ce546f7064f6','软件工程','卓越软件1502','','',0,'','学生',0,0,'计算机科学与技术学院'),(1080,'151320219','闫震','dbeb581fe3ec019132212b3fc78f4106','软件工程','卓越软件1502','','',0,'','学生',0,0,'计算机科学与技术学院'),(1081,'151320220','刘颜庆','3f61ed3c822a6a572a29a58267c32bc7','软件工程','卓越软件1502','','',0,'','学生',0,0,'计算机科学与技术学院'),(1082,'151320221','李龙飞','7ec4080e79e562a90884ed5a5bcbe28e','软件工程','卓越软件1502','','',0,'','学生',0,0,'计算机科学与技术学院'),(1083,'151320222','曹茂鑫','791484fe5157f18074cb9f4ebaa9ac21','软件工程','卓越软件1502','','',0,'','学生',0,0,'计算机科学与技术学院'),(1084,'151320223','刘屹成','d52a8d25e3618cdfedc1f6336642ab2b','软件工程','卓越软件1502','','',0,'','学生',0,0,'计算机科学与技术学院'),(1085,'151320224','吴克舟','022411f96bc3f20a415d634112e42a70','软件工程','卓越软件1502','','',0,'','学生',0,0,'计算机科学与技术学院'),(1086,'151320225','朱添尧','586fdd1910841bb534cf9ccb06966738','软件工程','卓越软件1502','','',0,'','学生',0,0,'计算机科学与技术学院'),(1087,'151320226','吴迪','65d5b789d4a42120eb40f0138a9be16a','软件工程','卓越软件1502','','',0,'','学生',0,0,'计算机科学与技术学院'),(1088,'151320227','钱泓宇','4b8187c2ae95904b20b6035665d2f574','软件工程','卓越软件1502','','',0,'','学生',0,0,'计算机科学与技术学院'),(1089,'151320228','温涛','3ef6f7965265f910dbb012188c422c8b','软件工程','卓越软件1502','','',0,'','学生',0,0,'计算机科学与技术学院'),(1090,'151320229','','03759840e9ce7743471fc08fef0b1f6e','软件工程','卓越软件1502','','',0,'','学生',0,0,'计算机科学与技术学院'),(1091,'151320230','林宇静','dacbfb696e15ac209e0c0d3f05444270','软件工程','卓越软件1502','','',0,'','学生',0,0,'计算机科学与技术学院'),(1092,'151320231','丁韦豪','6ae4f63a8977583add2f504178690db5','软件工程','卓越软件1502','','',0,'','学生',0,0,'计算机科学与技术学院'),(1093,'150950124','刘春梅','cdc50d779e37e00ef2ef6c380ff8aca5','信息安全','信安1501','','',0,'','学生',0,0,'计算机科学与技术学院'),(1094,'151340101','邹春连','74bc6a86efb8fc09dc48dd01c47159de','信息安全','信安1501','','',0,'','学生',0,0,'计算机科学与技术学院'),(1095,'151340102','孔菲菲','634fa43adc9e5a02e201c75a49484545','信息安全','信安1501','','',0,'','学生',0,0,'计算机科学与技术学院'),(1096,'151340103','段思绮','6e64bb1cba0f26bc304c9b69206ca36b','信息安全','信安1501','','',0,'','学生',0,0,'计算机科学与技术学院'),(1097,'151340104','王姝妍','defbbc4eaeefb0202d90fda2fdea7319','信息安全','信安1501','','',0,'','学生',0,0,'计算机科学与技术学院'),(1098,'151340105','王亚君','e3dfc1b428f6a8a0e082d487abbcaa5c','信息安全','信安1501','','',0,'','学生',0,0,'计算机科学与技术学院'),(1099,'151340106','秦钰','688f18739b612578d68c11c94ca452b0','信息安全','信安1501','','',0,'','学生',0,0,'计算机科学与技术学院'),(1100,'151340107','高蕙兰','94cbedfccda076b90d2b26df846c447f','信息安全','信安1501','','',0,'','学生',0,0,'计算机科学与技术学院'),(1101,'151340108','陈宣羽','cf76a5d3870d9bf173d71ae515914002','信息安全','信安1501','','',0,'','学生',0,0,'计算机科学与技术学院'),(1102,'151340109','汪宇','7c5d336b1bbde2c953fa9e26653b5a2f','信息安全','信安1501','','',0,'','学生',0,0,'计算机科学与技术学院'),(1103,'151340110','侯云松','f2dcebca2669dd83d19dd5208632ecb6','信息安全','信安1501','','',0,'','学生',0,0,'计算机科学与技术学院'),(1104,'151340111','易俊杰','06b28d31df4eb71f943a8fe1dc31d829','信息安全','信安1501','','',0,'','学生',0,0,'计算机科学与技术学院'),(1105,'151340112','蒙香朱','5754dbb0306a1b8e50e9fda0ca6e1953','信息安全','信安1501','','',0,'','学生',0,0,'计算机科学与技术学院'),(1106,'151340113','杨华','110e805c36f05e941b55b0accc511720','信息安全','信安1501','','',0,'','学生',0,0,'计算机科学与技术学院'),(1107,'151340114','汤佳伟','c4eea2c5c7b2ef4808c2a8e224e84f0e','信息安全','信安1501','','',0,'','学生',0,0,'计算机科学与技术学院'),(1108,'151340115','鲁钟俊','8be3bce77d78f1d6e2f6c9b58132a864','信息安全','信安1501','','',0,'','学生',0,0,'计算机科学与技术学院'),(1109,'151340116','邹恒','7132765ee1d5d66ee20b0c0f61b9c956','信息安全','信安1501','','',0,'','学生',0,0,'计算机科学与技术学院'),(1110,'151340117','车之恕','4c14cf2a812a5ee07d51397eb72e1b1b','信息安全','信安1501','','',0,'','学生',0,0,'计算机科学与技术学院'),(1111,'151340118','马思远','172b559d004108931e6b5131ca6adefd','信息安全','信安1501','','',0,'','学生',0,0,'计算机科学与技术学院'),(1112,'151340119','邓翔天','b220ec54647a1aa6d4b377656ed38e78','信息安全','信安1501','','',0,'','学生',0,0,'计算机科学与技术学院'),(1113,'151340120','徐一帆','b1056d4cdbb4bb834b77ac3fcf40708e','信息安全','信安1501','','',0,'','学生',0,0,'计算机科学与技术学院'),(1114,'151340121','张皓喨','6ef7bf84f213e91bdef0d28db327e8a9','信息安全','信安1501','','',0,'','学生',0,0,'计算机科学与技术学院'),(1115,'151340122','黄艺','bbfc4013ae5af8354582fce116988d2f','信息安全','信安1501','','',0,'','学生',0,0,'计算机科学与技术学院'),(1116,'151340124','何珩嘉','ca86b782e6be3b93b567d309bb19865e','信息安全','信安1501','','',0,'','学生',0,0,'计算机科学与技术学院'),(1117,'151340125','周靖鸿','5ef36ae603a5a8b5c4c427c7726bff39','信息安全','信安1501','','',0,'','学生',0,0,'计算机科学与技术学院'),(1118,'150950138','秦子建','4a20ccf0be2828ce55f5957b67a98487','信息安全','信安1502','','',0,'','学生',0,0,'计算机科学与技术学院'),(1119,'151340201','翟诗佳','3bfe2e27f2d5de07b064510e7b103ab0','信息安全','信安1502','','',0,'','学生',0,0,'计算机科学与技术学院'),(1120,'151340202','何荆娆','67703ed7807a54bab0124b5112567858','信息安全','信安1502','','',0,'','学生',0,0,'计算机科学与技术学院'),(1121,'151340203','权钰清','d3327c273469cb8d4242a0c2c9180784','信息安全','信安1502','','',0,'','学生',0,0,'计算机科学与技术学院'),(1122,'151340204','刘雪','dfd392584fadb81707a14043951086c6','信息安全','信安1502','','',0,'','学生',0,0,'计算机科学与技术学院'),(1123,'151340205','胡贺','f1ecdf8bbe235341297b5ec2b9cf9be3','信息安全','信安1502','','',0,'','学生',0,0,'计算机科学与技术学院'),(1124,'151340206','王艺瑶','dc8df1e765710118b32381021309499b','信息安全','信安1502','','',0,'','学生',0,0,'计算机科学与技术学院'),(1125,'151340207','马潇','e95e42989fb1a213dcc256b8a9cf8e65','信息安全','信安1502','','',0,'','学生',0,0,'计算机科学与技术学院'),(1126,'151340208','王寒','2d42ee1e7df3a7fe65cc68110fa65922','信息安全','信安1502','','',0,'','学生',0,0,'计算机科学与技术学院'),(1127,'151340209','项磊','898afb5d08d05f004bd0ba555839e2ca','信息安全','信安1502','','',0,'','学生',0,0,'计算机科学与技术学院'),(1128,'151340210','林友恒','4969437e5cf3a0208ca331155304f590','信息安全','信安1502','','',0,'','学生',0,0,'计算机科学与技术学院'),(1129,'151340211','黄宇轩','f20588468a0e8748d4dee764a086e254','信息安全','信安1502','','',0,'','学生',0,0,'计算机科学与技术学院'),(1130,'151340212','马宝强','7c3b9b86247e6fafca39556d3aae5f2d','信息安全','信安1502','','',0,'','学生',0,0,'计算机科学与技术学院'),(1131,'151340213','陈伟天','fce973a45c0cacf64342a2b97bdc9e0d','信息安全','信安1502','','',0,'','学生',0,0,'计算机科学与技术学院'),(1132,'151340214','黄慈潇','4bbc5de7748ea05f2434fa66467ecaad','信息安全','信安1502','','',0,'','学生',0,0,'计算机科学与技术学院'),(1133,'151340215','资健','685666caf1321a47b6e159885e292d73','信息安全','信安1502','','',0,'','学生',0,0,'计算机科学与技术学院'),(1134,'151340216','吴鹏','d3f67f04e8651ee9d2cf2505308ff6e5','信息安全','信安1502','','',0,'','学生',0,0,'计算机科学与技术学院'),(1135,'151340217','肖尊方','a9e203c6f938786a87381b9eccc4967a','信息安全','信安1502','','',0,'','学生',0,0,'计算机科学与技术学院'),(1136,'151340218','彭宇振','8ca4509035f5fbcd13b47054c0d9ac59','信息安全','信安1502','','',0,'','学生',0,0,'计算机科学与技术学院'),(1137,'151340219','王翃洲','28e3ea2e4c63057c8dcbeca9e4cf63ba','信息安全','信安1502','','',0,'','学生',0,0,'计算机科学与技术学院'),(1138,'151340220','俞旭东','7749a29873ec79b1fe5e207f43814bda','信息安全','信安1502','','',0,'','学生',0,0,'计算机科学与技术学院'),(1139,'151340221','朱艾安','ccb358944b99ad2d2834d9eb1bddd54f','信息安全','信安1502','','',0,'','学生',0,0,'计算机科学与技术学院'),(1140,'151340222','杨宏远','80a824eff7f8414dff8070f686f58488','信息安全','信安1502','','',0,'','学生',0,0,'计算机科学与技术学院'),(1141,'151340223','郭殿君','57b2134e4f2843c209f561f70ed4ad0b','信息安全','信安1502','','',0,'','学生',0,0,'计算机科学与技术学院'),(1142,'151340224','张洛彬','c77fd5f5b412564d172391722b13c801','信息安全','信安1502','','',0,'','学生',0,0,'计算机科学与技术学院'),(1143,'141040116','李鑫宇','cd4bebcc6fbcc0649100325f9524f373','网络工程','卓越网络1401','','',0,'','学生',0,0,'计算机科学与技术学院'),(1144,'141330101','杨戈君','f9010880ee05876685e923c1e7f2c559','网络工程','卓越网络1401','','',0,'','学生',0,0,'计算机科学与技术学院'),(1145,'141330103','卢惠婷','94d7651a47b1a51737ee70ceca924686','网络工程','卓越网络1401','','',0,'','学生',0,0,'计算机科学与技术学院'),(1146,'141330104','卢海琴','b92d1b43a99c249069cd138ff0462bbb','网络工程','卓越网络1401','','',0,'','学生',0,0,'计算机科学与技术学院'),(1147,'141330105','舒文婷','31812f971648204b77e182da5be2a5d7','网络工程','卓越网络1401','','',0,'','学生',0,0,'计算机科学与技术学院'),(1148,'141330106','郭春妍','00f6e9d6f039dc2818978646eec6656c','网络工程','卓越网络1401','','',0,'','学生',0,0,'计算机科学与技术学院'),(1149,'141330107','王凯伦','c1b228ed64958c6a192923513e4fccee','网络工程','卓越网络1401','','',0,'','学生',0,0,'计算机科学与技术学院'),(1150,'141330108','卫燃','79975abde46958f9dc999218ca3c8124','网络工程','卓越网络1401','','',0,'','学生',0,0,'计算机科学与技术学院'),(1151,'141330109','黄博谦','b5a31eb3382f3795ca4c3a0b1c6f5fb2','网络工程','卓越网络1401','','',0,'','学生',0,0,'计算机科学与技术学院'),(1152,'141330110','韦洪尧','2b071bc3246626e9879c3b41b86695da','网络工程','卓越网络1401','','',0,'','学生',0,0,'计算机科学与技术学院'),(1153,'141330111','李涛','c7e05d60a1ff6cfa33cfa370c086c792','网络工程','卓越网络1401','','',0,'','学生',0,0,'计算机科学与技术学院'),(1154,'141330112','朱德起','939a71d8956500324d0b3cc0d840201f','网络工程','卓越网络1401','','',0,'','学生',0,0,'计算机科学与技术学院'),(1155,'141330113','于博','fb0e7370669469c872d435a8115837f8','网络工程','卓越网络1401','','',0,'','学生',0,0,'计算机科学与技术学院'),(1156,'141330114','张立伟','76e082e94f35f7ee1bd184f2008cf70e','网络工程','卓越网络1401','','',0,'','学生',0,0,'计算机科学与技术学院'),(1157,'141330115','孙瑶','47e711cab092e28c7c3edad180207956','网络工程','卓越网络1401','','',0,'','学生',0,0,'计算机科学与技术学院'),(1158,'141330118','伊尹','f5313be8bdda3615177598e65897ac1d','网络工程','卓越网络1401','','',0,'','学生',0,0,'计算机科学与技术学院'),(1159,'141330119','张峻铭','af649e107cb07062a08e28aafb2783a6','网络工程','卓越网络1401','','',0,'','学生',0,0,'计算机科学与技术学院'),(1160,'141330120','冯君豪','f13b40974f7c7b2eb7f72d3ba9f69db5','网络工程','卓越网络1401','','',0,'','学生',0,0,'计算机科学与技术学院'),(1161,'141330121','李鼎天','545ce3f618f8bc09e2715cca35818499','网络工程','卓越网络1401','','',0,'','学生',0,0,'计算机科学与技术学院'),(1162,'141330122','邱昕昊','4b57531dea33891e7671f0aafbc9db42','网络工程','卓越网络1401','','',0,'','学生',0,0,'计算机科学与技术学院'),(1163,'141330123','孙悦','fcd42cfae9fef069380494b1964d350d','网络工程','卓越网络1401','','',0,'','学生',0,0,'计算机科学与技术学院'),(1164,'141330124','杨海川','d6022024d05a7a537ed76f39e96bbff8','网络工程','卓越网络1401','','',0,'','学生',0,0,'计算机科学与技术学院'),(1165,'141330125','杨逸帆','96bf80529d868e5029b81640b20de6ed','网络工程','卓越网络1401','','',0,'','学生',0,0,'计算机科学与技术学院'),(1166,'141330126','姚逸清','0d864ba84a490a314b13b625e69a3134','网络工程','卓越网络1401','','',0,'','学生',0,0,'计算机科学与技术学院'),(1167,'141330127','章晨晨','829042d0ea15621ac9dae6c6f0705f5a','网络工程','卓越网络1401','','',0,'','学生',0,0,'计算机科学与技术学院'),(1168,'141330128','朱翔','d0d964ee4c8866bb99644bca643acbf1','网络工程','卓越网络1401','','',0,'','学生',0,0,'计算机科学与技术学院'),(1169,'141330129','胡双利','11b42112a7441b1e1a81d09263228e4c','网络工程','卓越网络1401','','',0,'','学生',0,0,'计算机科学与技术学院'),(1170,'141330130','吴开涵','e428b8fe20e1df3ebed608444ec4fa98','网络工程','卓越网络1401','','',0,'','学生',0,0,'计算机科学与技术学院'),(1171,'141330131','曹旭友','50ee5a9cc8bdd98b831d97799a461b46','网络工程','卓越网络1401','','',0,'','学生',0,0,'计算机科学与技术学院'),(1172,'141310102','赵思颉','98ee0dba12fe26de3800e1a08e109f27','计算机科学与技术','计算机1401','','',0,'','学生',0,0,'计算机科学与技术学院'),(1173,'141310103','杨芳','37329c4d34138c98c2a57f1bb0baaefb','计算机科学与技术','计算机1401','','',0,'','学生',0,0,'计算机科学与技术学院'),(1174,'141310104','张小倩','f700bb0e65e356976921248d564e86b8','计算机科学与技术','计算机1401','','',0,'','学生',0,0,'计算机科学与技术学院'),(1175,'141310105','蒋影','132c216b1a9665d99ea5695b14706772','计算机科学与技术','计算机1401','','',0,'','学生',0,0,'计算机科学与技术学院'),(1176,'141310106','姜力新','7d7f87161b9642f17700181736d6d5dd','计算机科学与技术','计算机1401','','',0,'','学生',0,0,'计算机科学与技术学院'),(1177,'141310108','姚璐颖','ed80b7dea23d7f3bb8e285d3d5f05d07','计算机科学与技术','计算机1401','','',0,'','学生',0,0,'计算机科学与技术学院'),(1178,'141310109','刘丹','0d15336fc359a4f6ef7fe9d6e2ddbaa8','计算机科学与技术','计算机1401','','',0,'','学生',0,0,'计算机科学与技术学院'),(1179,'141310110','张艺凡','c1c11b252bd324f68438d1db846a46a8','计算机科学与技术','计算机1401','','',0,'','学生',0,0,'计算机科学与技术学院'),(1180,'141310111','赵婉婷','4be91afd8731ac2678beb454ad29fef2','计算机科学与技术','计算机1401','','',0,'','学生',0,0,'计算机科学与技术学院'),(1181,'141310112','黄嘉祥','68ac62c24a5d19c7b254f5fa9b56c973','计算机科学与技术','计算机1401','','',0,'','学生',0,0,'计算机科学与技术学院'),(1182,'141310113','周欢','fe9b82ad6c13f92e537b76e17fbd60e4','计算机科学与技术','计算机1401','','',0,'','学生',0,0,'计算机科学与技术学院'),(1183,'141310114','林树友','5f595303539a41105bafadea59f4a63d','计算机科学与技术','计算机1401','','',0,'','学生',0,0,'计算机科学与技术学院'),(1184,'141310115','孙汉林','0cd24fc6e0614dfabd2359630cf66358','计算机科学与技术','计算机1401','','',0,'','学生',0,0,'计算机科学与技术学院'),(1185,'141310116','周密','a07705bb05abf24e8c53f667831742e5','计算机科学与技术','计算机1401','','',0,'','学生',0,0,'计算机科学与技术学院'),(1186,'141310117','王宇','62c52f29b042c105ff1e38ad4eec8099','计算机科学与技术','计算机1401','','',0,'','学生',0,0,'计算机科学与技术学院'),(1187,'141310118','隋新元','e7fd3721e555c1430db3b72a54554e20','计算机科学与技术','计算机1401','','',0,'','学生',0,0,'计算机科学与技术学院'),(1188,'141310119','刘忠辉','4c667aaa55e6a1644c4148d58f2cc192','计算机科学与技术','计算机1401','','',0,'','学生',0,0,'计算机科学与技术学院'),(1189,'141310121','黄启舜','6bd2b4233415424e1b3393eb3ea3f14f','计算机科学与技术','计算机1401','','',0,'','学生',0,0,'计算机科学与技术学院'),(1190,'141310122','马金成','47fddbd1709a7a56244bdcf1d9357884','计算机科学与技术','计算机1401','','',0,'','学生',0,0,'计算机科学与技术学院'),(1191,'141310123','施文俊','f8875a51c9f4afb9c94b0cbd3a422645','计算机科学与技术','计算机1401','','',0,'','学生',0,0,'计算机科学与技术学院'),(1192,'141310125','杨天','df6def1c6580248823c05be817b8c249','计算机科学与技术','计算机1401','','',0,'','学生',0,0,'计算机科学与技术学院'),(1193,'141310126','旦增巴桑','30d3e7baf902e59bc9fe845f077a0778','计算机科学与技术','计算机1401','','',0,'','学生',0,0,'计算机科学与技术学院'),(1194,'141310127','汪聪','816e6b191f9924d695e7e1d3228e45a8','计算机科学与技术','计算机1401','','',0,'','学生',0,0,'计算机科学与技术学院'),(1195,'141310128','王华','1f403163cc2201e0de3456668781cc8f','计算机科学与技术','计算机1401','','',0,'','学生',0,0,'计算机科学与技术学院'),(1196,'141310129','张开顺','ac8d12b3a044954b89810fa381a17995','计算机科学与技术','计算机1401','','',0,'','学生',0,0,'计算机科学与技术学院'),(1197,'141310130','温永华','c8ad439c7fe5af067556538e64b4888d','计算机科学与技术','计算机1401','','',0,'','学生',0,0,'计算机科学与技术学院'),(1198,'140400524','陈义康','c15e20f3642c636ecc00a8290b2aa602','计算机科学与技术','计算机1402','','',0,'','学生',0,0,'计算机科学与技术学院'),(1199,'140920326','杨晟哲','5467b785fca90554cf7e8a3e38c29c99','计算机科学与技术','计算机1402','','',0,'','学生',0,0,'计算机科学与技术学院'),(1200,'141140117','黎峰','1f7c938d6bc7dfc565d092ce61b3ab8e','计算机科学与技术','计算机1402','','',0,'','学生',0,0,'计算机科学与技术学院'),(1201,'141310201','魏樱','18b638517d79098fa3ee72e61b03dfbf','计算机科学与技术','计算机1402','','',0,'','学生',0,0,'计算机科学与技术学院'),(1202,'141310202','赵桓','74dc27efe145534e640d6be1adf32e21','计算机科学与技术','计算机1402','','',0,'','学生',0,0,'计算机科学与技术学院'),(1203,'141310203','时嫣','6fedaa63d03f1337fd351365adf408b8','计算机科学与技术','计算机1402','','',0,'','学生',0,0,'计算机科学与技术学院'),(1204,'141310204','曹慧','ade46889d40d847adcb10fd8c6daae11','计算机科学与技术','计算机1402','','',0,'','学生',0,0,'计算机科学与技术学院'),(1205,'141310205','陆璐','b0f3e15d4d7bd0be784e56bb153513f5','计算机科学与技术','计算机1402','','',0,'','学生',0,0,'计算机科学与技术学院'),(1206,'141310206','李媛','bb39d1604ae1932e8ee4740ed90828ed','计算机科学与技术','计算机1402','','',0,'','学生',0,0,'计算机科学与技术学院'),(1207,'141310207','董芝伊','0eb4dd6fb7755bd778a93325b071a6a8','计算机科学与技术','计算机1402','','',0,'','学生',0,0,'计算机科学与技术学院'),(1208,'141310208','贺倩','d752e56966ed09a840b90a166611157d','计算机科学与技术','计算机1402','','',0,'','学生',0,0,'计算机科学与技术学院'),(1209,'141310209','常皓钰','9e4f47f5e620645abffa6ab8cf0bda11','计算机科学与技术','计算机1402','','',0,'','学生',0,0,'计算机科学与技术学院'),(1210,'141310211','刘浩','6889277cbf194b567f4fa1c660abbe13','计算机科学与技术','计算机1402','','',0,'','学生',0,0,'计算机科学与技术学院'),(1211,'141310212','薛豫诚','43cc84be0c1777d7048d14680fad4ec8','计算机科学与技术','计算机1402','','',0,'','学生',0,0,'计算机科学与技术学院'),(1212,'141310213','李岳荣','f0b13dfb0fcaaff3205031f69f6b6fad','计算机科学与技术','计算机1402','','',0,'','学生',0,0,'计算机科学与技术学院'),(1213,'141310214','邢文彪','526044259cc5cfdd574c7a908e6a5269','计算机科学与技术','计算机1402','','',0,'','学生',0,0,'计算机科学与技术学院'),(1214,'141310215','陈文钦','94e4bd97475992779c301a4ecacfad38','计算机科学与技术','计算机1402','','',0,'','学生',0,0,'计算机科学与技术学院'),(1215,'141310216','吕震','15b58934250a3c5ccd5eece521755606','计算机科学与技术','计算机1402','','',0,'','学生',0,0,'计算机科学与技术学院'),(1216,'141310220','褚仪明','9058e8aa83ccf911a0e9cd07fa975d05','计算机科学与技术','计算机1402','','',0,'','学生',0,0,'计算机科学与技术学院'),(1217,'141310221','黄顺棋','2fda7a2a05aeae58507705f8e6e10771','计算机科学与技术','计算机1402','','',0,'','学生',0,0,'计算机科学与技术学院'),(1218,'141310222','潘胡韬','afdd1903144bc8400dddb920d80e0929','计算机科学与技术','计算机1402','','',0,'','学生',0,0,'计算机科学与技术学院'),(1219,'141310223','孙策','ac3c878c30ecd476c0dfbe5136750b69','计算机科学与技术','计算机1402','','',0,'','学生',0,0,'计算机科学与技术学院'),(1220,'141310224','忻雍昌','28d2abca2c89402737bc8ae43ea191a2','计算机科学与技术','计算机1402','','',0,'','学生',0,0,'计算机科学与技术学院'),(1221,'141310225','张严俊','54cf206d45c8e6b449abc6187c2f1f54','计算机科学与技术','计算机1402','','',0,'','学生',0,0,'计算机科学与技术学院'),(1222,'141310226','次桑','3105517f776acd380ad3e42654c32390','计算机科学与技术','计算机1402','','',0,'','学生',0,0,'计算机科学与技术学院'),(1223,'141310227','蹇岚','5d5a2fcf0e21e79f8b3e4dbb2c2ca1ea','计算机科学与技术','计算机1402','','',0,'','学生',0,0,'计算机科学与技术学院'),(1224,'141340101','董丽丽','bb82f02b92fc1ea13abd20e071796f7c','信息安全','信安1401','','',0,'','学生',0,0,'计算机科学与技术学院'),(1225,'141340102','董晓霞','2dc5c21e65a6a3b3af77ae4be49f5343','信息安全','信安1401','','',0,'','学生',0,0,'计算机科学与技术学院'),(1226,'141340103','任亚蒙','c10cc0886167faea9fb1a9570137c785','信息安全','信安1401','','',0,'','学生',0,0,'计算机科学与技术学院'),(1227,'141340104','王昔珏','0b190fa35e6ff4507d77cbf4b23d99dd','信息安全','信安1401','','',0,'','学生',0,0,'计算机科学与技术学院'),(1228,'141340105','姚漪','a9ace7b5ef20bc3c3cedf317fa8aac05','信息安全','信安1401','','',0,'','学生',0,0,'计算机科学与技术学院'),(1229,'141340106','陆雨婷','c92049862e41b1102f1a7bf83fa21328','信息安全','信安1401','','',0,'','学生',0,0,'计算机科学与技术学院'),(1230,'141340107','徐悦','f81834624ceecd336e7f48525e34885d','信息安全','信安1401','','',0,'','学生',0,0,'计算机科学与技术学院'),(1231,'141340108','赵玥','b7480459b73ddedb816b8b15f97a3fab','信息安全','信安1401','','',0,'','学生',0,0,'计算机科学与技术学院'),(1232,'141340109','王君洁','c58948556279c01a526dda4ca47844e7','信息安全','信安1401','','',0,'','学生',0,0,'计算机科学与技术学院'),(1233,'141340110','王亦凡','14ad6a199ced6c3696561c6c1d772415','信息安全','信安1401','','',0,'','学生',0,0,'计算机科学与技术学院'),(1234,'141340111','赵越','b0db465b4658a1989103579dd9d4cf56','信息安全','信安1401','','',0,'','学生',0,0,'计算机科学与技术学院'),(1235,'141340112','詹婧雯','e3d2d9dc2b7a86f9be96142fd85d6a0c','信息安全','信安1401','','',0,'','学生',0,0,'计算机科学与技术学院'),(1236,'141340113','王开升','d5eab19cd8ba7765da58f87a94a8177f','信息安全','信安1401','','',0,'','学生',0,0,'计算机科学与技术学院'),(1237,'141340114','李号','b80e015f09097b10d32b78888ef06202','信息安全','信安1401','','',0,'','学生',0,0,'计算机科学与技术学院'),(1238,'141340115','张小杰','45583da004795c744c085c66fd8d78df','信息安全','信安1401','','',0,'','学生',0,0,'计算机科学与技术学院'),(1239,'141340116','廖祯昊','38cd4b23666ce696810ad39428c06fd3','信息安全','信安1401','','',0,'','学生',0,0,'计算机科学与技术学院'),(1240,'141340117','高鹏程','692a29d2dbb954b03ad91364385846d7','信息安全','信安1401','','',0,'','学生',0,0,'计算机科学与技术学院'),(1241,'141340118','牛永春','6e8635e401452cfd42212906f458489b','信息安全','信安1401','','',0,'','学生',0,0,'计算机科学与技术学院'),(1242,'141340119','蒋昭阳','ef74e3fca205e03a8c0c2dcb1b54899a','信息安全','信安1401','','',0,'','学生',0,0,'计算机科学与技术学院'),(1243,'141340120','李瞻文','d1a4a7b7d1a6268eb3732c19dd3307a7','信息安全','信安1401','','',0,'','学生',0,0,'计算机科学与技术学院'),(1244,'141340121','陈阳','f9a835ea93cbc0a57f4d5e9a8fa1f29e','信息安全','信安1401','','',0,'','学生',0,0,'计算机科学与技术学院'),(1245,'141340122','邝君达','71b79e45d08044f127a525f1f88a77ba','信息安全','信安1401','','',0,'','学生',0,0,'计算机科学与技术学院'),(1246,'141340123','吴征宇','ee136f7fceee2940d99a3f1091177863','信息安全','信安1401','','',0,'','学生',0,0,'计算机科学与技术学院'),(1247,'141340124','袁朱凯','e9d7f25d0911442b5321d8ef1c519689','信息安全','信安1401','','',0,'','学生',0,0,'计算机科学与技术学院'),(1248,'141340125','胡俊杰','05c5e9bf8c32c095ce317f4cac40f8ba','信息安全','信安1401','','',0,'','学生',0,0,'计算机科学与技术学院'),(1249,'141340126','任林','6a9b1c8147926bf1312661cec89f4915','信息安全','信安1401','','',0,'','学生',0,0,'计算机科学与技术学院'),(1250,'141340127','唐豪杰','93a0c9aa8cee68a8b1f3141762f5edf4','信息安全','信安1401','','',0,'','学生',0,0,'计算机科学与技术学院'),(1251,'141340128','毛宁','ea107e383b8cc8f67f5ef173cefc0f34','信息安全','信安1401','','',0,'','学生',0,0,'计算机科学与技术学院'),(1252,'140400634','梁中天','d299c805f914f5316be651f52bf0733b','信息安全','信安1401','','',0,'','学生',0,0,'计算机科学与技术学院'),(1253,'140750214','沈逸斐','c1cf56a48dcd102c118088b4a978497d','信息安全','信安1401','','',0,'','学生',0,0,'计算机科学与技术学院'),(1254,'141140222','陈天翼','5744c27ba355475bc7737d81a86caf37','信息安全','信安1402','','',0,'','学生',0,0,'计算机科学与技术学院'),(1255,'141340201','陈胜男','24398c3a69b0996d6dd19b5117c28983','信息安全','信安1402','','',0,'','学生',0,0,'计算机科学与技术学院'),(1256,'141340202','刘倩妤','fcfb6cac3bd3c8b85d6eb01ab493f612','信息安全','信安1402','','',0,'','学生',0,0,'计算机科学与技术学院'),(1257,'141340203','董晓彤','bb634427bb1216c7aa59156cf4f57b8f','信息安全','信安1402','','',0,'','学生',0,0,'计算机科学与技术学院'),(1258,'141340205','郝宇辰','6a1f08739b70e050107dbe8119988cf9','信息安全','信安1402','','',0,'','学生',0,0,'计算机科学与技术学院'),(1259,'141340208','刘思雨','0166250e644dddcc7a1185b998c9058a','信息安全','信安1402','','',0,'','学生',0,0,'计算机科学与技术学院'),(1260,'141340209','孙婷','af46102e96b97d680ea4c58549a3cf41','信息安全','信安1402','','',0,'','学生',0,0,'计算机科学与技术学院'),(1261,'141340210','张慧娟','e88d0f1cb787d8b56d834664f7216b0b','信息安全','信安1402','','',0,'','学生',0,0,'计算机科学与技术学院'),(1262,'141340212','周雪儿','00090eb190cce6eac7665a21c6de5130','信息安全','信安1402','','',0,'','学生',0,0,'计算机科学与技术学院'),(1263,'141340213','骆哲','9f47e4d5e064dc4639c7388fa1f3ac7c','信息安全','信安1402','','',0,'','学生',0,0,'计算机科学与技术学院'),(1264,'141340214','孟越','4197ceb8566177a24cf78207ccf2a4b3','信息安全','信安1402','','',0,'','学生',0,0,'计算机科学与技术学院'),(1265,'141340215','李嘉耀','47ba5288aeafe7bb117a4f01851496df','信息安全','信安1402','','',0,'','学生',0,0,'计算机科学与技术学院'),(1266,'141340216','庞赋安','8715af6e50f530cd8fe82e4115ca0564','信息安全','信安1402','','',0,'','学生',0,0,'计算机科学与技术学院'),(1267,'141340217','胡继强','ff482d4b757c5e9c192d9df3e44b97af','信息安全','信安1402','','',0,'','学生',0,0,'计算机科学与技术学院'),(1268,'141340218','邓必胜','654d5801347294462347e183117f4db6','信息安全','信安1402','','',0,'','学生',0,0,'计算机科学与技术学院'),(1269,'141340219','夏天','ce923c3a3ba840d70e6391be7fc85b46','信息安全','信安1402','','',0,'','学生',0,0,'计算机科学与技术学院'),(1270,'141340220','穆磊','17ee0f0626c4cecece780a0771b5d000','信息安全','信安1402','','',0,'','学生',0,0,'计算机科学与技术学院'),(1271,'141340221','樊高','ade20d0a2ab5b55ca5d1785c98652a56','信息安全','信安1402','','',0,'','学生',0,0,'计算机科学与技术学院'),(1272,'141340222','宋子健','9f1c77d7189dc562823ca1de56dd226c','信息安全','信安1402','','',0,'','学生',0,0,'计算机科学与技术学院'),(1273,'141340223','谢知非','d7ddb749c6a3c58079208c99d2fb1217','信息安全','信安1402','','',0,'','学生',0,0,'计算机科学与技术学院'),(1274,'141340224','朱宸','c81bbdcb652a78188baf6454c3b10e4e','信息安全','信安1402','','',0,'','学生',0,0,'计算机科学与技术学院'),(1275,'141340226','黄志超','5f8e336773b8bdaa2a5bc32729d47a78','信息安全','信安1402','','',0,'','学生',0,0,'计算机科学与技术学院'),(1276,'141340227','高秋宇','b8fc3ca4fe6c8bb70d937385e9ddd0fc','信息安全','信安1402','','',0,'','学生',0,0,'计算机科学与技术学院'),(1277,'141340228','陈云风','268cfeacb53b250eea812135eb631476','信息安全','信安1402','','',0,'','学生',0,0,'计算机科学与技术学院'),(1278,'140400609','周闻许静','5ba59cfeff8329e7bb167296366a72f9','软件工程','卓越软件1401','','',0,'','学生',0,0,'计算机科学与技术学院'),(1279,'141100126','陈真','cbc551dafc9699b67380862ede6f0d01','软件工程','卓越软件1401','','',0,'','学生',0,0,'计算机科学与技术学院'),(1280,'141100420','李绪恒','a248d516a39d8d5e1f292c5b83a56ad9','软件工程','卓越软件1401','','',0,'','学生',0,0,'计算机科学与技术学院'),(1281,'141140225','谭杰','25086b6035bdfc71849348dc90207425','软件工程','卓越软件1401','','',0,'','学生',0,0,'计算机科学与技术学院'),(1282,'141320101','梁琼丹','d9d0628c117a85db935d9dfec39402ab','软件工程','卓越软件1401','','',0,'','学生',0,0,'计算机科学与技术学院'),(1283,'141320104','周诗清','5aeeeefff7e1bf5fdb5f8419078dee56','软件工程','卓越软件1401','','',0,'','学生',0,0,'计算机科学与技术学院'),(1284,'141320105','孙琳','a1d47ff4b26108ce44b5b9f69d2ffc10','软件工程','卓越软件1401','','',0,'','学生',0,0,'计算机科学与技术学院'),(1285,'141320106','杨帆','a022e0c3f9500818cb34b21ce8c54b43','软件工程','卓越软件1401','','',0,'','学生',0,0,'计算机科学与技术学院'),(1286,'141320107','陶漪宁','321a9173ff40de82e2097ca3b4a2c9c9','软件工程','卓越软件1401','','',0,'','学生',0,0,'计算机科学与技术学院'),(1287,'141320108','保妍如','74129be6fa3915e94b39bb92a382df0b','软件工程','卓越软件1401','','',0,'','学生',0,0,'计算机科学与技术学院'),(1288,'141320109','方卓文','49b18ab0aa155c684ebc4daec8a1251c','软件工程','卓越软件1401','','',0,'','学生',0,0,'计算机科学与技术学院'),(1289,'141320110','李宇','4360e11afe8cda7a1e31150fa2bb8bc0','软件工程','卓越软件1401','','',0,'','学生',0,0,'计算机科学与技术学院'),(1290,'141320111','洪永达','88d09da670ade0e918bf901257ff67e0','软件工程','卓越软件1401','','',0,'','学生',0,0,'计算机科学与技术学院'),(1291,'141320112','贾志强','3a6fe1f0e25a358bacc538a06acf1720','软件工程','卓越软件1401','','',0,'','学生',0,0,'计算机科学与技术学院'),(1292,'141320113','陆全琛','f8aadcd69b004d94b0c5001854fc6dc5','软件工程','卓越软件1401','','',0,'','学生',0,0,'计算机科学与技术学院'),(1293,'141320114','刘颖','af4d63b3f5fc8012da912b7300fde7da','软件工程','卓越软件1401','','',0,'','学生',0,0,'计算机科学与技术学院'),(1294,'141320115','胡连超','a57c39076d2e19ca5a1d1d48cd751076','软件工程','卓越软件1401','','',0,'','学生',0,0,'计算机科学与技术学院'),(1295,'141320116','袁天星','72d0ccbfffa346ef3e27e9b572748d43','软件工程','卓越软件1401','','',0,'','学生',0,0,'计算机科学与技术学院'),(1296,'141320117','张正','ff49ceae8c8910f58981ea083a337bee','软件工程','卓越软件1401','','',0,'','学生',0,0,'计算机科学与技术学院'),(1297,'141320118','韩善军','066eafa3208aebf3c4b05c13f9801c23','软件工程','卓越软件1401','','',0,'','学生',0,0,'计算机科学与技术学院'),(1298,'141320119','刘言石','8a18d5cf30dc5f3772b0b421688cf14a','软件工程','卓越软件1401','','',0,'','学生',0,0,'计算机科学与技术学院'),(1299,'141320120','张绍俊','8685eb6220d4a112e0dfd46c18c4e1b8','软件工程','卓越软件1401','','',0,'','学生',0,0,'计算机科学与技术学院'),(1300,'141320121','陈一洲','01309bf835bfde008eaf28a7685712c0','软件工程','卓越软件1401','','',0,'','学生',0,0,'计算机科学与技术学院'),(1301,'141320122','李志骏','c3f473fedcfe318f9aa3bb623090c809','软件工程','卓越软件1401','','',0,'','学生',0,0,'计算机科学与技术学院'),(1302,'141320123','项俊杰','23a6dc55a9fbd872f70b361fd719c04b','软件工程','卓越软件1401','','',0,'','学生',0,0,'计算机科学与技术学院'),(1303,'141320124','邹天星','2a9f65a9e6b76d01e8e2bc04694f6e29','软件工程','卓越软件1401','','',0,'','学生',0,0,'计算机科学与技术学院'),(1304,'141320125','徐浩','786225325eb0b8e7f752c75acc224880','软件工程','卓越软件1401','','',0,'','学生',0,0,'计算机科学与技术学院'),(1305,'141320126','秦俊杰','e6f907480fd0fb47ef5e9a9e305c8aae','软件工程','卓越软件1401','','',0,'','学生',0,0,'计算机科学与技术学院'),(1306,'141320128','陆永康','e1372349b01cc4644f447f519dccd571','软件工程','卓越软件1401','','',0,'','学生',0,0,'计算机科学与技术学院'),(1307,'141320129','朱黎华','7084e60071445ad0ea8562863b6e1011','软件工程','卓越软件1401','','',0,'','学生',0,0,'计算机科学与技术学院'),(1308,'141320130','莫懿民','fc60f0383755afdc9a3003bbe331c94a','软件工程','卓越软件1401','','',0,'','学生',0,0,'计算机科学与技术学院'),(1309,'141320131','星龙','14fea3065e1a8b6e33b758dadc1ff4a9','软件工程','卓越软件1401','','',0,'','学生',0,0,'计算机科学与技术学院'),(1310,'141330116','陈哲','4eaa61b87ecf39f3b0195aff7595cce5','软件工程','卓越软件1401','','',0,'','学生',0,0,'计算机科学与技术学院'),(1311,'141330117','谌奇凯','eec8e9bb69ec0be3ccdb034fdc5ddb11','软件工程','卓越软件1401','','',0,'','学生',0,0,'计算机科学与技术学院'),(1312,'121320228','雷涛','c59d868494335850af0b4e14b9fb45a6','软件工程','卓越软件1402','','',0,'','学生',0,0,'计算机科学与技术学院'),(1313,'140150115','黄巍','d8818ea27aaf0bda8c09aba35fc048c6','软件工程','卓越软件1402','','',0,'','学生',0,0,'计算机科学与技术学院'),(1314,'140400111','刘艺琳','28902e36be4b44dee747f1db1a61e188','软件工程','卓越软件1402','','',0,'','学生',0,0,'计算机科学与技术学院'),(1315,'140800124','岳少华','cfc0a0da124adfc6336026e94f9189d6','软件工程','卓越软件1402','','',0,'','学生',0,0,'计算机科学与技术学院'),(1316,'140800425','潘阳','d3dc65765b2b296403278ff02d9acd9b','软件工程','卓越软件1402','','',0,'','学生',0,0,'计算机科学与技术学院'),(1317,'141320201','冉月雯','db3d8a0a51715aad20d7a49813d143d5','软件工程','卓越软件1402','','',0,'','学生',0,0,'计算机科学与技术学院'),(1318,'141320202','申意雪','615e12115144ca59bc093c207ed61b60','软件工程','卓越软件1402','','',0,'','学生',0,0,'计算机科学与技术学院'),(1319,'141320203','刘玥','7855393d9387fc23bb03bb294b2bd57b','软件工程','卓越软件1402','','',0,'','学生',0,0,'计算机科学与技术学院'),(1320,'141320204','梁宇翕','9440f62f21a12b694c6063ea461b1bae','软件工程','卓越软件1402','','',0,'','学生',0,0,'计算机科学与技术学院'),(1321,'141320205','孙芸芸','dfa928483c5b93ca038dd033a709c078','软件工程','卓越软件1402','','',0,'','学生',0,0,'计算机科学与技术学院'),(1322,'141320206','倪云岚','a05df835b6f3640e4a136538915516dc','软件工程','卓越软件1402','','',0,'','学生',0,0,'计算机科学与技术学院'),(1323,'141320208','郑雨欣','e854352f1a0a6e175a0ecb3d62db49a6','软件工程','卓越软件1402','','',0,'','学生',0,0,'计算机科学与技术学院'),(1324,'141320209','钱秋梅','c4a56c716e22bc49d87fc5f41cd754d8','软件工程','卓越软件1402','','',0,'','学生',0,0,'计算机科学与技术学院'),(1325,'141320210','吴昊','0784676727ab80125d078b115198ac4d','软件工程','卓越软件1402','','',0,'','学生',0,0,'计算机科学与技术学院'),(1326,'141320211','林少波','906f44221805275edee88de5b95585dd','软件工程','卓越软件1402','','',0,'','学生',0,0,'计算机科学与技术学院'),(1327,'141320212','李睿华','9766958884a240cd4c4963c05a0970f6','软件工程','卓越软件1402','','',0,'','学生',0,0,'计算机科学与技术学院'),(1328,'141320213','卢海潮','f3c28e924ad4431f8b191aa82be04341','软件工程','卓越软件1402','','',0,'','学生',0,0,'计算机科学与技术学院'),(1329,'141320214','左沛源','5569e9be8504d4d30e1400a17a105833','软件工程','卓越软件1402','','',0,'','学生',0,0,'计算机科学与技术学院'),(1330,'141320215','曲道鹏','6e2cf95e7497c01af95af641a0b44a82','软件工程','卓越软件1402','','',0,'','学生',0,0,'计算机科学与技术学院'),(1331,'141320216','柯希权','ce81dd23f20e35cb147a64c3e59ec21e','软件工程','卓越软件1402','','',0,'','学生',0,0,'计算机科学与技术学院'),(1332,'141320217','罗继','baf8905ece117fbfce244db710a4efd1','软件工程','卓越软件1402','','',0,'','学生',0,0,'计算机科学与技术学院'),(1333,'141320218','常恒远','f580792eaca01e227917c2d99936ad4e','软件工程','卓越软件1402','','',0,'','学生',0,0,'计算机科学与技术学院'),(1334,'141320219','马世杰','678203c078215929f2be877e417df8bc','软件工程','卓越软件1402','','',0,'','学生',0,0,'计算机科学与技术学院'),(1335,'141320220','王怡宾','13e0a84ed1f721a8fb5cb40cc5f8c7d3','软件工程','卓越软件1402','','',0,'','学生',0,0,'计算机科学与技术学院'),(1336,'141320221','李炜','ec66a23dc5167f2ff8accce0675b8663','软件工程','卓越软件1402','','',0,'','学生',0,0,'计算机科学与技术学院'),(1337,'141320222','毛泉','c9901c50fb527ce9fe68a62c17ff579f','软件工程','卓越软件1402','','',0,'','学生',0,0,'计算机科学与技术学院'),(1338,'141320223','张宇燊','63003ec7e776e96b531db1d9447d0e00','软件工程','卓越软件1402','','',0,'','学生',0,0,'计算机科学与技术学院'),(1339,'141320224','闵智翔','3ffe539dcd51148d33a92c3fa24fd48e','软件工程','卓越软件1402','','',0,'','学生',0,0,'计算机科学与技术学院'),(1340,'141320226','加永贡布','537f251d4d13d6cfd0dfad99e1136744','软件工程','卓越软件1402','','',0,'','学生',0,0,'计算机科学与技术学院'),(1341,'141320229','周奕军','d9454b86a92bc510472e9164cf1dc80d','软件工程','卓越软件1402','','',0,'','学生',0,0,'计算机科学与技术学院'),(1342,'141320230','石南','edad0789a2764ef8bd175331cd918c47','软件工程','卓越软件1402','','',0,'','学生',0,0,'计算机科学与技术学院'),(1343,'141320231','向王涛','192ed6262585372ad6e9772f67e67175','软件工程','卓越软件1402','','',0,'','学生',0,0,'计算机科学与技术学院'),(1344,'131310101','顾依凡','f6d8fcbc7d6980b84c9b20ff17b99e62','计算机科学与技术','计算机1301','','',0,'','学生',0,0,'计算机科学与技术学院'),(1345,'131310102','岳建男','e0066e836d4ec9eddc01ddc6aab833c7','计算机科学与技术','计算机1301','','',0,'','学生',0,0,'计算机科学与技术学院'),(1346,'131310103','李佩阳','cdcbf63ad41ac37e9e55c48797d4b2da','计算机科学与技术','计算机1301','','',0,'','学生',0,0,'计算机科学与技术学院'),(1347,'131310104','钱玉','d052e94af2b3718115e0b6ae6e539c54','计算机科学与技术','计算机1301','','',0,'','学生',0,0,'计算机科学与技术学院'),(1348,'131310105','陈贺','7dbf7b47a65e649ad1454797053bf838','计算机科学与技术','计算机1301','','',0,'','学生',0,0,'计算机科学与技术学院'),(1349,'131310106','许思恩','e2a7e3b75cd4622005d0daae09e97b08','计算机科学与技术','计算机1301','','',0,'','学生',0,0,'计算机科学与技术学院'),(1350,'131310108','张贝','4ce8575af7989b2d80459d9816173d6d','计算机科学与技术','计算机1301','','',0,'','学生',0,0,'计算机科学与技术学院'),(1351,'131310109','杨轶','6045b3da15916d2db285eb9ca8219405','计算机科学与技术','计算机1301','','',0,'','学生',0,0,'计算机科学与技术学院'),(1352,'131310110','顾欣','6a60af6ef72381efa09b15a99c5117d5','计算机科学与技术','计算机1301','','',0,'','学生',0,0,'计算机科学与技术学院'),(1353,'131310111','林海','afbef973c07ae270447e0b3af693c47c','计算机科学与技术','计算机1301','','',0,'','学生',0,0,'计算机科学与技术学院'),(1354,'131310112','刘佳炀','ea7876ec00910d4b8f4253695ffaacab','计算机科学与技术','计算机1301','','',0,'','学生',0,0,'计算机科学与技术学院'),(1355,'131310113','彭一暐','ca90b12c230456eac9820e75fedd5094','计算机科学与技术','计算机1301','','',0,'','学生',0,0,'计算机科学与技术学院'),(1356,'131310114','王飞龙','5e90224e07f8f19025828f28456f9759','计算机科学与技术','计算机1301','','',0,'','学生',0,0,'计算机科学与技术学院'),(1357,'131310115','王天磊','4639c3bd66d6a1e83b312b880e930e3f','计算机科学与技术','计算机1301','','',0,'','学生',0,0,'计算机科学与技术学院'),(1358,'131310116','曹锐','e1c5f2b19d851b16225f96fcd1d5b21a','计算机科学与技术','计算机1301','','',0,'','学生',0,0,'计算机科学与技术学院'),(1359,'131310118','王军','3315f32f250c1b590a53268c7800b6a4','计算机科学与技术','计算机1301','','',0,'','学生',0,0,'计算机科学与技术学院'),(1360,'131310119','陈榆中','73efdae6769eb4f15e60402aa69c1a98','计算机科学与技术','计算机1301','','',0,'','学生',0,0,'计算机科学与技术学院'),(1361,'131310120','匡俊','200b53459226d43e94ca34bf9864174a','计算机科学与技术','计算机1301','','',0,'','学生',0,0,'计算机科学与技术学院'),(1362,'131310121','黄欢军','8600cd82b97a4117c4542796564c85f2','计算机科学与技术','计算机1301','','',0,'','学生',0,0,'计算机科学与技术学院'),(1363,'131310122','蒋冬煜','47c36b33a5e7964840dbe50ea76a5a88','计算机科学与技术','计算机1301','','',0,'','学生',0,0,'计算机科学与技术学院'),(1364,'131310123','冯令雨','1de2ae245c6aabe4f53c3936d29a56cb','计算机科学与技术','计算机1301','','',0,'','学生',0,0,'计算机科学与技术学院'),(1365,'131310124','余望','b3bff21c11c1600cdd23cf4c59b609cd','计算机科学与技术','计算机1301','','',0,'','学生',0,0,'计算机科学与技术学院'),(1366,'131310125','陈一帆','e2d55204c36eba306cc99d0076c6f7ad','计算机科学与技术','计算机1301','','',0,'','学生',0,0,'计算机科学与技术学院'),(1367,'131310126','魏金亮','e8ed0203da41068fe66e774aadd0d3b8','计算机科学与技术','计算机1301','','',0,'','学生',0,0,'计算机科学与技术学院'),(1368,'131310127','杜海宽','add6c4d4be52fb76ce8976ef8bfdcf93','计算机科学与技术','计算机1301','','',0,'','学生',0,0,'计算机科学与技术学院'),(1369,'131310128','董占权','9f2a15137edad0f39f67c3c3541a7707','计算机科学与技术','计算机1301','','',0,'','学生',0,0,'计算机科学与技术学院'),(1370,'130160130','吕欣泽','86e70ec930d3684e745ed9cd99542331','计算机科学与技术','计算机1302','','',0,'','学生',0,0,'计算机科学与技术学院'),(1371,'131100224','管焱然','c9b078eaf0b889fb7f9cf50d707c9f6e','计算机科学与技术','计算机1302','','',0,'','学生',0,0,'计算机科学与技术学院'),(1372,'131310201','石慧婷','f01550995524c2b37d2d12a47b11ea6e','计算机科学与技术','计算机1302','','',0,'','学生',0,0,'计算机科学与技术学院'),(1373,'131310203','赵芷葳','5b79a3efad519afddb93e409c0338607','计算机科学与技术','计算机1302','','',0,'','学生',0,0,'计算机科学与技术学院'),(1374,'131310204','黄欢欢','f177a3bcfe890afd8c4c4cf4eec67776','计算机科学与技术','计算机1302','','',0,'','学生',0,0,'计算机科学与技术学院'),(1375,'131310205','叶宁','6ecf028b638240efa866515c30467216','计算机科学与技术','计算机1302','','',0,'','学生',0,0,'计算机科学与技术学院'),(1376,'131310207','王诗瑜','91deb4f4707c8a76d07d242413c4fc50','计算机科学与技术','计算机1302','','',0,'','学生',0,0,'计算机科学与技术学院'),(1377,'131310208','朱秋佇','598429048e5be813ec5a7137c3cc777a','计算机科学与技术','计算机1302','','',0,'','学生',0,0,'计算机科学与技术学院'),(1378,'131310209','毛莹','4778295f6246b62f387c68c09332a66f','计算机科学与技术','计算机1302','','',0,'','学生',0,0,'计算机科学与技术学院'),(1379,'131310210','黄家栋','b8e32282b98833c11e0c1f435c34ea1d','计算机科学与技术','计算机1302','','',0,'','学生',0,0,'计算机科学与技术学院'),(1380,'131310211','凌栋','2a26ef53e87da407f1b97ec94ea38d51','计算机科学与技术','计算机1302','','',0,'','学生',0,0,'计算机科学与技术学院'),(1381,'131310212','陆子灏','7eb95bdf4a970f2ef27f1464680a1ec1','计算机科学与技术','计算机1302','','',0,'','学生',0,0,'计算机科学与技术学院'),(1382,'131310213','沈俞杰','196c3dc4c568fec881d0f0ef32066b3f','计算机科学与技术','计算机1302','','',0,'','学生',0,0,'计算机科学与技术学院'),(1383,'131310214','杨晨','86f72a32e21d60e9517a2880f5306bf1','计算机科学与技术','计算机1302','','',0,'','学生',0,0,'计算机科学与技术学院'),(1384,'131310215','经纬','bc148d68fb9bf2dd30993470a7cbea61','计算机科学与技术','计算机1302','','',0,'','学生',0,0,'计算机科学与技术学院'),(1385,'131310216','李斌杰','1f3ae5f4f5f8cb9ea45ddb6dad3d22c1','计算机科学与技术','计算机1302','','',0,'','学生',0,0,'计算机科学与技术学院'),(1386,'131310217','苏昊','e3a8081345b3a9938f3d9504e1a709f1','计算机科学与技术','计算机1302','','',0,'','学生',0,0,'计算机科学与技术学院'),(1387,'131310218','孙自诚','1fc9250f5e77b1f80284cbd98ba27aea','计算机科学与技术','计算机1302','','',0,'','学生',0,0,'计算机科学与技术学院'),(1388,'131310219','韩志伟','acdf08dcdb4e94cf8b5b2572e19a46b2','计算机科学与技术','计算机1302','','',0,'','学生',0,0,'计算机科学与技术学院'),(1389,'131310220','李康','249c9074ae170c7d5435e46a267badeb','计算机科学与技术','计算机1302','','',0,'','学生',0,0,'计算机科学与技术学院'),(1390,'131310221','李博文','275fec33ab546243b26c68df21b9734a','计算机科学与技术','计算机1302','','',0,'','学生',0,0,'计算机科学与技术学院'),(1391,'131310223','张金华','aa01b40e2eba988bd7ab12d65e006020','计算机科学与技术','计算机1302','','',0,'','学生',0,0,'计算机科学与技术学院'),(1392,'131310224','蒋建春','a7bc78b17d3f7a18a42d7d60731e45fe','计算机科学与技术','计算机1302','','',0,'','学生',0,0,'计算机科学与技术学院'),(1393,'131310225','郭祥灏','f201a98898aec57b4727750793b9e857','计算机科学与技术','计算机1302','','',0,'','学生',0,0,'计算机科学与技术学院'),(1394,'131310226','闻海超','975fb0d4f3122011616f036f8df0ee52','计算机科学与技术','计算机1302','','',0,'','学生',0,0,'计算机科学与技术学院'),(1395,'131310227','尹星儒','56293b5cd0fb9ac032e79f215ece41bc','计算机科学与技术','计算机1302','','',0,'','学生',0,0,'计算机科学与技术学院'),(1396,'131310228','马喆','b602e930d97f4b4381390798af5308c2','计算机科学与技术','计算机1302','','',0,'','学生',0,0,'计算机科学与技术学院'),(1397,'131310229','加央赤列','c2dc3d811c2c8d647408331b969de656','计算机科学与技术','计算机1302','','',0,'','学生',0,0,'计算机科学与技术学院'),(1398,'121320217','杨叶炜','101d539084c38f1cdd457950e79d74a2','软件工程','卓越软件1301','','',0,'','学生',0,0,'计算机科学与技术学院'),(1399,'131320101','袁琐云','2bd675beeea5d1cfc2e0a090ef0aed9b','软件工程','卓越软件1301','','',0,'','学生',0,0,'计算机科学与技术学院'),(1400,'131320102','杨亚婷','1a1b59f203fd8c21e9f316008f5a5dda','软件工程','卓越软件1301','','',0,'','学生',0,0,'计算机科学与技术学院'),(1401,'131320103','朴美玲','31f95e509f8f7a1b6c964c12f4833696','软件工程','卓越软件1301','','',0,'','学生',0,0,'计算机科学与技术学院'),(1402,'131320104','冯思思','34f971033c6b43c4d961a3f06913ccd6','软件工程','卓越软件1301','','',0,'','学生',0,0,'计算机科学与技术学院'),(1403,'131320105','秦婧','404877732fe9038eaee45620cc973a6f','软件工程','卓越软件1301','','',0,'','学生',0,0,'计算机科学与技术学院'),(1404,'131320106','张黎文','af750970b220e41654e7828efd015f0b','软件工程','卓越软件1301','','',0,'','学生',0,0,'计算机科学与技术学院'),(1405,'131320107','田梦晗','77ae47bb7fbf7309194e97de9342b3bf','软件工程','卓越软件1301','','',0,'','学生',0,0,'计算机科学与技术学院'),(1406,'131320108','潘仁杰','02a9cf281cd4ff1756d0ff23c6433d16','软件工程','卓越软件1301','','',0,'','学生',0,0,'计算机科学与技术学院'),(1407,'131320109','施佳敏','8999d0c90e0d175215473d1d87bced45','软件工程','卓越软件1301','','',0,'','学生',0,0,'计算机科学与技术学院'),(1408,'131320110','杨惠淳','e70b6467ba11e1e888b52afd51f8432a','软件工程','卓越软件1301','','',0,'','学生',0,0,'计算机科学与技术学院'),(1409,'131320111','李梦泽','74e1902d2fd55028774bb8c0a50c1f66','软件工程','卓越软件1301','','',0,'','学生',0,0,'计算机科学与技术学院'),(1410,'131320112','回凯','07abbd5875090b465574db5a1460e074','软件工程','卓越软件1301','','',0,'','学生',0,0,'计算机科学与技术学院'),(1411,'131320113','赵耘浩','113362c2ee5016a707b3b4abd510519e','软件工程','卓越软件1301','','',0,'','学生',0,0,'计算机科学与技术学院'),(1412,'131320114','吴孝磊','46de58e8568effd1ad1565ed7564bd7b','软件工程','卓越软件1301','','',0,'','学生',0,0,'计算机科学与技术学院'),(1413,'131320115','张健诚','52fc0bea1d706c29df5079bf576c0b9c','软件工程','卓越软件1301','','',0,'','学生',0,0,'计算机科学与技术学院'),(1414,'131320116','孟苏伟','3b4297fbff7a6185c9e8613449012060','软件工程','卓越软件1301','','',0,'','学生',0,0,'计算机科学与技术学院'),(1415,'131320118','韩舒凉','8e4c89d59a6c7217653858d8705ffada','软件工程','卓越软件1301','','',0,'','学生',0,0,'计算机科学与技术学院'),(1416,'131320119','冯超唯','56883f03dc161c84c7face5967491916','软件工程','卓越软件1301','','',0,'','学生',0,0,'计算机科学与技术学院'),(1417,'131320120','陈佳','11d7d13169cec4bae0748915557cd869','软件工程','卓越软件1301','','',0,'','学生',0,0,'计算机科学与技术学院'),(1418,'131320121','孙鑫','9531b4e11d73bdd70150231cff04ab82','软件工程','卓越软件1301','','',0,'','学生',0,0,'计算机科学与技术学院'),(1419,'131320122','何翔','70e5972a08bd73145cb5a6152b1477ea','软件工程','卓越软件1301','','',0,'','学生',0,0,'计算机科学与技术学院'),(1420,'131320123','王鹏博','4935e143798ed2940d3e28bc5ca7e637','软件工程','卓越软件1301','','',0,'','学生',0,0,'计算机科学与技术学院'),(1421,'131320124','王嘉瑞','05ef37fa54f5d1ed57e3e9fa3cadd009','软件工程','卓越软件1301','','',0,'','学生',0,0,'计算机科学与技术学院'),(1422,'131320125','赖信涛','d0992c1a21b887dd6d50a36a6db88cee','软件工程','卓越软件1301','','',0,'','学生',0,0,'计算机科学与技术学院'),(1423,'131320126','桑振亚','ba0eab3fb5d0d0e700a90d8b0fc6666a','软件工程','卓越软件1301','','',0,'','学生',0,0,'计算机科学与技术学院'),(1424,'131320127','左绍斌','18385e88962a61f29d85f97123efe662','软件工程','卓越软件1301','','',0,'','学生',0,0,'计算机科学与技术学院'),(1425,'131320128','扎西念扎','28ba8d50103f8157b21e10652189ab47','软件工程','卓越软件1301','','',0,'','学生',0,0,'计算机科学与技术学院'),(1426,'131320129','','debed00e6037d96322b83100d810db7d','软件工程','卓越软件1301','','',0,'','学生',0,0,'计算机科学与技术学院'),(1427,'131320130','孙洪','e9b355a797a08cbbccb6230697bcc706','软件工程','卓越软件1301','','',0,'','学生',0,0,'计算机科学与技术学院'),(1428,'131320131','许定宇','0df62c4a320a21faef67fe4cc9869db5','软件工程','卓越软件1301','','',0,'','学生',0,0,'计算机科学与技术学院'),(1429,'131320132','周灵杰','358ff5aee534447f610525b32a628d37','软件工程','卓越软件1301','','',0,'','学生',0,0,'计算机科学与技术学院'),(1430,'121320210','肖小范','432e937adb183217ff67ea5a35b5691f','软件工程','卓越软件1302','','',0,'','学生',0,0,'计算机科学与技术学院'),(1431,'130400133','邓旭东','de1a282d6d2112ca7fdc70c647b101dc','软件工程','卓越软件1302','','',0,'','学生',0,0,'计算机科学与技术学院'),(1432,'131100621','张宸浩','7e6dcd6a62b115f5f90acd0c78a8171d','软件工程','卓越软件1302','','',0,'','学生',0,0,'计算机科学与技术学院'),(1433,'131320201','张琰琳','7e4dffc30037e631548a392becab0dfc','软件工程','卓越软件1302','','',0,'','学生',0,0,'计算机科学与技术学院'),(1434,'131320202','朱雅琳','09724098d7d2934412f5d907d064dc1a','软件工程','卓越软件1302','','',0,'','学生',0,0,'计算机科学与技术学院'),(1435,'131320203','易利容','1774377bc3e564dac71127eba1ab7298','软件工程','卓越软件1302','','',0,'','学生',0,0,'计算机科学与技术学院'),(1436,'131320204','向承利','61ebe204744ac29c00c74c44a99fda78','软件工程','卓越软件1302','','',0,'','学生',0,0,'计算机科学与技术学院'),(1437,'131320205','殷丽丽','2fd7e09eb9403ede522b19cbb47dc44e','软件工程','卓越软件1302','','',0,'','学生',0,0,'计算机科学与技术学院'),(1438,'131320206','杜优','8fc834c3cdb74bd27e48772a12992cb6','软件工程','卓越软件1302','','',0,'','学生',0,0,'计算机科学与技术学院'),(1439,'131320207','吕增辉','19ca73614dbf0588b01aff792a65330f','软件工程','卓越软件1302','','',0,'','学生',0,0,'计算机科学与技术学院'),(1440,'131320209','谢书达','610185ba0f95af6e1c15c8f4cc606c56','软件工程','卓越软件1302','','',0,'','学生',0,0,'计算机科学与技术学院'),(1441,'131320210','周奕涵','86d77ce5e942d4447fc1305713b582f5','软件工程','卓越软件1302','','',0,'','学生',0,0,'计算机科学与技术学院'),(1442,'131320211','王伟鹏','9431385bc39e3b99bbc9087bdf16e750','软件工程','卓越软件1302','','',0,'','学生',0,0,'计算机科学与技术学院'),(1443,'131320212','孙铭佑','dad46563592b42f46728ff655f84e62d','软件工程','卓越软件1302','','',0,'','学生',0,0,'计算机科学与技术学院'),(1444,'131320213','马镇','f57de1d8ceea3cf64514e89624143db4','软件工程','卓越软件1302','','',0,'','学生',0,0,'计算机科学与技术学院'),(1445,'131320214','姜健芃','18c06f0b82f99425fa825999bfaa6574','软件工程','卓越软件1302','','',0,'','学生',0,0,'计算机科学与技术学院'),(1446,'131320215','江鹏飞','71a48b22f40f99063af1610a41a727fe','软件工程','卓越软件1302','','',0,'','学生',0,0,'计算机科学与技术学院'),(1447,'131320216','王凌威','46d0b97b6f8265490566bd8020453a70','软件工程','卓越软件1302','','',0,'','学生',0,0,'计算机科学与技术学院'),(1448,'131320217','涂轩','81ed653e348de8e970df1b5e9fb997d8','软件工程','卓越软件1302','','',0,'','学生',0,0,'计算机科学与技术学院'),(1449,'131320218','王恺迪','4a3ab0790a91c6d60d86404e43b8c606','软件工程','卓越软件1302','','',0,'','学生',0,0,'计算机科学与技术学院'),(1450,'131320220','陈睿','63406d62628046bd4e8aedc3902bfe24','软件工程','卓越软件1302','','',0,'','学生',0,0,'计算机科学与技术学院'),(1451,'131320221','袁洪','04a00d66506f0ef3e50a52a2c2603c1e','软件工程','卓越软件1302','','',0,'','学生',0,0,'计算机科学与技术学院'),(1452,'131320222','罗超','8cdf8d4a28007ecdf91cb8c2c8012874','软件工程','卓越软件1302','','',0,'','学生',0,0,'计算机科学与技术学院'),(1453,'131320223','张诗雨','013fe5da82e74d8b7cda808f089d8d0c','软件工程','卓越软件1302','','',0,'','学生',0,0,'计算机科学与技术学院'),(1454,'131320224','张允祺','3f03994fb0e11a18bc75f34ac02368a7','软件工程','卓越软件1302','','',0,'','学生',0,0,'计算机科学与技术学院'),(1455,'131320225','邵明锐','d2ba5a6ac9e88897bbfede36ec042bf1','软件工程','卓越软件1302','','',0,'','学生',0,0,'计算机科学与技术学院'),(1456,'131320226','周云翔','63c746463689c0ae04be36b96e021fc8','软件工程','卓越软件1302','','',0,'','学生',0,0,'计算机科学与技术学院'),(1457,'131320227','宋鑫','e78dab39b3c48b03da9fdb8438b2c733','软件工程','卓越软件1302','','',0,'','学生',0,0,'计算机科学与技术学院'),(1458,'131320229','','a5949b4cdc7bcfe1782e8c42c892232d','软件工程','卓越软件1302','','',0,'','学生',0,0,'计算机科学与技术学院'),(1459,'131340202','赵贇','bad095d3dd81db60403b6e936d573953','软件工程','卓越软件1302','','',0,'','学生',0,0,'计算机科学与技术学院'),(1460,'131330101','金妍红','91ff9c1bea9cd67b567663a61ff3acc2','网络工程','卓越网络1301','','',0,'','学生',0,0,'计算机科学与技术学院'),(1461,'131330102','林惠文','6f4bea1c2924ca72296f4d6a3289548c','网络工程','卓越网络1301','','',0,'','学生',0,0,'计算机科学与技术学院'),(1462,'131330103','濮敏','4e298c643d0db384b770ea405c93df2e','网络工程','卓越网络1301','','',0,'','学生',0,0,'计算机科学与技术学院'),(1463,'131330104','钱敏玥','c863526ba7e814f74f05bb9ec21928e2','网络工程','卓越网络1301','','',0,'','学生',0,0,'计算机科学与技术学院'),(1464,'131330108','谭燕玲','c752eba02d2b87500115104d7b2e35cc','网络工程','卓越网络1301','','',0,'','学生',0,0,'计算机科学与技术学院'),(1465,'131330109','葛天予','5e7ea5cebf3feb3402a989339483383d','网络工程','卓越网络1301','','',0,'','学生',0,0,'计算机科学与技术学院'),(1466,'131330110','倪卿元','75bace867b7bfd107528e620876a7f23','网络工程','卓越网络1301','','',0,'','学生',0,0,'计算机科学与技术学院'),(1467,'131330111','朱家辉','0261cfd2da32b4ac46abb70dea2da98e','网络工程','卓越网络1301','','',0,'','学生',0,0,'计算机科学与技术学院'),(1468,'131330112','朱田欣','abbf10ed5d97027662a6db108344e23f','网络工程','卓越网络1301','','',0,'','学生',0,0,'计算机科学与技术学院'),(1469,'131330113','单子健','4332adc88fb4bec4614c3994e959bebb','网络工程','卓越网络1301','','',0,'','学生',0,0,'计算机科学与技术学院'),(1470,'131330114','刘闯','a16c5cb8c1717de4ebc45f5121afe881','网络工程','卓越网络1301','','',0,'','学生',0,0,'计算机科学与技术学院'),(1471,'131330115','李汶键','6ba87cf6a37b434bf30a0201c66efac4','网络工程','卓越网络1301','','',0,'','学生',0,0,'计算机科学与技术学院'),(1472,'131330116','周旭','e6ce9b2c072e180d9cce34f232988817','网络工程','卓越网络1301','','',0,'','学生',0,0,'计算机科学与技术学院'),(1473,'131330117','孙劲桐','fed8765f503cc86426fb385cca425f92','网络工程','卓越网络1301','','',0,'','学生',0,0,'计算机科学与技术学院'),(1474,'131330118','王开元','b327b954dc315b988a1aa68650d73e3e','网络工程','卓越网络1301','','',0,'','学生',0,0,'计算机科学与技术学院'),(1475,'131330119','范哲诚','8039f79f1f963ccb07370101ffeed1f7','网络工程','卓越网络1301','','',0,'','学生',0,0,'计算机科学与技术学院'),(1476,'131330120','李少猛','0ad525ecfd729f8be389ca40fecc45e1','网络工程','卓越网络1301','','',0,'','学生',0,0,'计算机科学与技术学院'),(1477,'131330121','周宏','afe5e4cd757d9aed10a488a94b764449','网络工程','卓越网络1301','','',0,'','学生',0,0,'计算机科学与技术学院'),(1478,'131330123','罗雷','5f690a512e7bf75ae08226319f354851','网络工程','卓越网络1301','','',0,'','学生',0,0,'计算机科学与技术学院'),(1479,'131330124','李芬任','3aa9aa180231451ad7fa6dce4d53aa71','网络工程','卓越网络1301','','',0,'','学生',0,0,'计算机科学与技术学院'),(1480,'131330125','党迪','22b55622e741401796c3cd7708dbd2b6','网络工程','卓越网络1301','','',0,'','学生',0,0,'计算机科学与技术学院'),(1481,'131330126','迟涛','8087c5469d7d016276aa4f4ccb72aa0a','网络工程','卓越网络1301','','',0,'','学生',0,0,'计算机科学与技术学院'),(1482,'131330127','靳松','b39df7349d76b19475179f1dcc8d8e6d','网络工程','卓越网络1301','','',0,'','学生',0,0,'计算机科学与技术学院'),(1483,'131330128','孙皓正','01f4eaef1be8ba4504e2e796ad070eb1','网络工程','卓越网络1301','','',0,'','学生',0,0,'计算机科学与技术学院'),(1484,'131330129','白云峰','9fd590da385b5b177ad2d6f66b34b0e0','网络工程','卓越网络1301','','',0,'','学生',0,0,'计算机科学与技术学院'),(1485,'131330130','杜璇彦','ea3c1ef02ef5022c7ca09e03db1ce41f','网络工程','卓越网络1301','','',0,'','学生',0,0,'计算机科学与技术学院'),(1486,'131330131','吴运翼','1ac8d2781e18e3071701c1fbd8108371','网络工程','卓越网络1301','','',0,'','学生',0,0,'计算机科学与技术学院'),(1487,'131330132','胡欣','4d20a62fd689ce40ded64fd51f8e9266','网络工程','卓越网络1301','','',0,'','学生',0,0,'计算机科学与技术学院'),(1488,'131330133','杨婷婷','1e6fc0c0ef45abd467ddf896ef852660','网络工程','卓越网络1301','','',0,'','学生',0,0,'计算机科学与技术学院'),(1489,'130400333','吴炎臻','f0b75a7d7d77cb5641d2f33dfaa44afd','信息安全','信安1301','','',0,'','学生',0,0,'计算机科学与技术学院'),(1490,'131340102','钱方飞','f704035ac985bc82bfb470b203dfa08c','信息安全','信安1301','','',0,'','学生',0,0,'计算机科学与技术学院'),(1491,'131340103','刘欣怡','9f2699767928a949c691946e6783944a','信息安全','信安1301','','',0,'','学生',0,0,'计算机科学与技术学院'),(1492,'131340104','曹迪','08adfbf8e95dc618a35f1f02fb814a69','信息安全','信安1301','','',0,'','学生',0,0,'计算机科学与技术学院'),(1493,'131340105','陆嘉旻','e68584f7f9e1e3b2e44218bf5442c8ad','信息安全','信安1301','','',0,'','学生',0,0,'计算机科学与技术学院'),(1494,'131340106','余韵','2b541d58b4d59f8aeaf923602e4c2621','信息安全','信安1301','','',0,'','学生',0,0,'计算机科学与技术学院'),(1495,'131340107','刘莹','e8a3ce56416589508416ad953e57cd12','信息安全','信安1301','','',0,'','学生',0,0,'计算机科学与技术学院'),(1496,'131340108','胡茜蔚','3ea479fd80e86fee7cbb94ec727e27da','信息安全','信安1301','','',0,'','学生',0,0,'计算机科学与技术学院'),(1497,'131340109','赖淼麟','3f7a8f6462bdbfd8438446355cf592a4','信息安全','信安1301','','',0,'','学生',0,0,'计算机科学与技术学院'),(1498,'131340110','李旋','ea2eb36ca181ed32bfd576743ed0bf0d','信息安全','信安1301','','',0,'','学生',0,0,'计算机科学与技术学院'),(1499,'131340111','黄英盾','8d4b75a342a4a79de70c560977933be9','信息安全','信安1301','','',0,'','学生',0,0,'计算机科学与技术学院'),(1500,'131340112','高爽','ee25f34951a5870c1339ed174f6f28c9','信息安全','信安1301','','',0,'','学生',0,0,'计算机科学与技术学院'),(1501,'131340114','雷颖慧','9526c088bccea17189029efdd912dee9','信息安全','信安1301','','',0,'','学生',0,0,'计算机科学与技术学院'),(1502,'131340115','齐赵迪','553e11f2c47b6f1f1c8611a3e308e39c','信息安全','信安1301','','',0,'','学生',0,0,'计算机科学与技术学院'),(1503,'131340116','吴轲昕','0e8641c44711e87908e61ddef57b96e9','信息安全','信安1301','','',0,'','学生',0,0,'计算机科学与技术学院'),(1504,'131340117','陈宇奇','7e0b191585dd7c9ffb35d1af3f6eeb0e','信息安全','信安1301','','',0,'','学生',0,0,'计算机科学与技术学院'),(1505,'131340118','唐文辉','dc20f2430f62944ba4a3043e8cc079e3','信息安全','信安1301','','',0,'','学生',0,0,'计算机科学与技术学院'),(1506,'131340119','张云梦','614217555057ed7ba64b06d6914802e8','信息安全','信安1301','','',0,'','学生',0,0,'计算机科学与技术学院'),(1507,'131340120','董思彤','6106044bbe918efc428619f4190a7f61','信息安全','信安1301','','',0,'','学生',0,0,'计算机科学与技术学院'),(1508,'131340121','米文龙','5dd797a550d55434eff299e34b657e6f','信息安全','信安1301','','',0,'','学生',0,0,'计算机科学与技术学院'),(1509,'131340122','许俭','040828e709ecd1522b8687fb116a4a09','信息安全','信安1301','','',0,'','学生',0,0,'计算机科学与技术学院'),(1510,'131340123','吴昊','d40b4ecb5491a9efa2a4fdb9d6a53dc4','信息安全','信安1301','','',0,'','学生',0,0,'计算机科学与技术学院'),(1511,'131340124','王丹','104ba17ed67476ea79ecca05c61b79b5','信息安全','信安1301','','',0,'','学生',0,0,'计算机科学与技术学院'),(1512,'131340126','陈鑫','f1ad694bd5e4469bd6c2798dc8bb6951','信息安全','信安1301','','',0,'','学生',0,0,'计算机科学与技术学院'),(1513,'131340127','李凯华','ffdad14b3ddb3637c51ce9b1dcdc2a64','信息安全','信安1301','','',0,'','学生',0,0,'计算机科学与技术学院'),(1514,'131340128','熊晨','6f13f3330ba4d450fbc97cf9409709d0','信息安全','信安1301','','',0,'','学生',0,0,'计算机科学与技术学院'),(1515,'131340129','龙勰','5358a455aa28e3959015f758cf4eb93e','信息安全','信安1301','','',0,'','学生',0,0,'计算机科学与技术学院'),(1516,'131340130','曹路','1fb33da10b6c38f1325c39ae5057d5e2','信息安全','信安1301','','',0,'','学生',0,0,'计算机科学与技术学院'),(1517,'131340201','马馨怡','5c47fd69f03bec1b7698b78f0903c7d3','信息安全','信安1302','','',0,'','学生',0,0,'计算机科学与技术学院'),(1518,'131340203','刘淑君','5508ac1aef94c1e5c41b4e8e6c3e82e0','信息安全','信安1302','','',0,'','学生',0,0,'计算机科学与技术学院'),(1519,'131340204','黄佳琪','fb9f141d74c91d52a156e477a18dd955','信息安全','信安1302','','',0,'','学生',0,0,'计算机科学与技术学院'),(1520,'131340205','潘宁婷','6e3556b9afefecdeb2d933c9167eb327','信息安全','信安1302','','',0,'','学生',0,0,'计算机科学与技术学院'),(1521,'131340206','江益靓','504578003ea2934d52399e5d15311521','信息安全','信安1302','','',0,'','学生',0,0,'计算机科学与技术学院'),(1522,'131340207','周孜路','14fa3de85e52f1e68d8779640b56f4bc','信息安全','信安1302','','',0,'','学生',0,0,'计算机科学与技术学院'),(1523,'131340208','雷微','9468f3e3cb5beabb93236b666e5473ea','信息安全','信安1302','','',0,'','学生',0,0,'计算机科学与技术学院'),(1524,'131340209','王佳纯','734185110eb5f1517acb8a3361cf9c7c','信息安全','信安1302','','',0,'','学生',0,0,'计算机科学与技术学院'),(1525,'131340210','尹维','fe4a20fe7f21e127697714741d3b6960','信息安全','信安1302','','',0,'','学生',0,0,'计算机科学与技术学院'),(1526,'131340211','罗兴碧','9449a7f901ddc9f1fb90867fe7a4fbee','信息安全','信安1302','','',0,'','学生',0,0,'计算机科学与技术学院'),(1527,'131340212','魏文憬','f892c0901d00ea1c8de3591591084890','信息安全','信安1302','','',0,'','学生',0,0,'计算机科学与技术学院'),(1528,'131340213','瞿美卉','84d571a046e2cbc6f4b34553614081ed','信息安全','信安1302','','',0,'','学生',0,0,'计算机科学与技术学院'),(1529,'131340214','彭婧洋','5558fa3a5f7aa85332cab729c4605237','信息安全','信安1302','','',0,'','学生',0,0,'计算机科学与技术学院'),(1530,'131340215','王黎萱','2da34e4d84a610550188196db4f3af18','信息安全','信安1302','','',0,'','学生',0,0,'计算机科学与技术学院'),(1531,'131340216','陈慈谈','783d039e0204a9201208e0aeaa405381','信息安全','信安1302','','',0,'','学生',0,0,'计算机科学与技术学院'),(1532,'131340217','华文博','3cae0ad453459a27a62d423ddafcf34d','信息安全','信安1302','','',0,'','学生',0,0,'计算机科学与技术学院'),(1533,'131340218','田澄江','cb6699f97eab7748dc45b7f484eaaa05','信息安全','信安1302','','',0,'','学生',0,0,'计算机科学与技术学院'),(1534,'131340219','董子玉','b809031dd0720d46035c131f72be8d5f','信息安全','信安1302','','',0,'','学生',0,0,'计算机科学与技术学院'),(1535,'131340220','刘同','a2000541ffb727edc6a176df25e38375','信息安全','信安1302','','',0,'','学生',0,0,'计算机科学与技术学院'),(1536,'131340221','丁钰轩','85db03ded0bda44a819b171174ec9350','信息安全','信安1302','','',0,'','学生',0,0,'计算机科学与技术学院'),(1537,'131340222','周嘉炜','7c7c25d145b719451d1fbe55d42bab92','信息安全','信安1302','','',0,'','学生',0,0,'计算机科学与技术学院'),(1538,'131340223','程稷','a36dc047c9d77626a389d512c06327ba','信息安全','信安1302','','',0,'','学生',0,0,'计算机科学与技术学院'),(1539,'131340225','祝远扬','4c37b86cdef93210a5f6a9695600df46','信息安全','信安1302','','',0,'','学生',0,0,'计算机科学与技术学院'),(1540,'131340226','姜傲腾','45c6c65e7814149e790fe11c67630f94','信息安全','信安1302','','',0,'','学生',0,0,'计算机科学与技术学院'),(1541,'131340227','刘富康','e317cb4091340d9adfe6a1b3c0ea684b','信息安全','信安1302','','',0,'','学生',0,0,'计算机科学与技术学院'),(1542,'131340228','杨意豪','6afab64587309cd8f77fea1f50b5b6f1','信息安全','信安1302','','',0,'','学生',0,0,'计算机科学与技术学院'),(1543,'131340229','肖元君','63cdc8374ce8d739e5d367ceb4e36438','信息安全','信安1302','','',0,'','学生',0,0,'计算机科学与技术学院'),(1544,'131340230','张骏豪','182fd36b190d76abcba1cc1ba6a6f392','信息安全','信安1302','','',0,'','学生',0,0,'计算机科学与技术学院'),(1545,'1513000J2','周恩子','82e4ac68ee28969aec1f0ef9f4b5164e','软件工程','软件工程1501',' ',' ',0,'学生','学生',0,0,'计算机科学与技术学院'),(1546,'141310101','施呈韵','b63fc37e9caf29a5153a7fa8b004f56a','计算机科学与技术','计算机1401',' ',' ',0,'学生','学生',0,0,'计算机科学与技术学院'),(1547,'140900432','夏浚洋','69660751b424512ddab0ba938c07af2a','机械工程','机械1401',' ',' ',0,'学生','学生',0,0,'机械工程学院');

/*!40101 SET SQL_MODE=@OLD_SQL_MODE */;
/*!40014 SET FOREIGN_KEY_CHECKS=@OLD_FOREIGN_KEY_CHECKS */;
/*!40014 SET UNIQUE_CHECKS=@OLD_UNIQUE_CHECKS */;
/*!40111 SET SQL_NOTES=@OLD_SQL_NOTES */;
